itemcode,etfTabCode,itemname,nowVal,risefall,changeVal,changeRate,nav,threeMonthEarnRate,quant,amonut,marketSum,collected_at
069500,1,KODEX 200,113230,3,0,0.0,113361.0,11.8148,0,0,255730,2026-07-23 23:38:47
360750,4,TIGER 미국S&P500,27280,3,0,0.0,27372.0,5.9244,0,0,200058,2026-07-23 23:38:47
133690,4,TIGER 미국나스닥100,188045,3,0,0.0,188867.0,8.7988,0,0,113617,2026-07-23 23:38:47
102110,1,TIGER 200,113310,3,0,0.0,113450.0,12.0361,0,0,104812,2026-07-23 23:38:47
379800,4,KODEX 미국S&P500,24870,3,0,0.0,24956.0,6.0336,0,0,100002,2026-07-23 23:38:47
396500,2,TIGER 반도체TOP10,37700,3,0,0.0,37700.0,-1.8972,0,0,98001,2026-07-23 23:38:47
379810,4,KODEX 미국나스닥100,28160,3,0,0.0,28288.0,8.8488,0,0,89774,2026-07-23 23:38:47
278530,1,KODEX 200TR,40895,3,0,0.0,40969.0,11.8133,0,0,78948,2026-07-23 23:38:47
488770,7,KODEX 머니마켓액티브,105005,3,0,0.0,105023.0,0.8113,0,0,76453,2026-07-23 23:38:47
459580,6,KODEX CD금리액티브(합성),1075520,3,0,0.0,1075377.0,0.7093,0,0,68055,2026-07-23 23:38:47
381180,4,TIGER 미국필라델피아반도체나스닥,47475,3,0,0.0,47596.0,23.3165,0,0,63925,2026-07-23 23:38:47
122630,3,KODEX 레버리지,128950,3,0,0.0,129431.0,8.887,0,0,63830,2026-07-23 23:38:47
0167A0,2,SOL AI반도체TOP2플러스,18755,3,0,0.0,18751.0,32.6754,0,0,60119,2026-07-23 23:38:47
498400,2,KODEX 200타겟위클리커버드콜,21650,3,0,0.0,21705.0,9.8544,0,0,58260,2026-07-23 23:38:47
091160,2,KODEX 반도체,132000,3,0,0.0,132167.0,8.619,0,0,57948,2026-07-23 23:38:47
148020,1,RISE 200,114060,3,0,0.0,114134.0,11.8747,0,0,45966,2026-07-23 23:38:47
310970,1,TIGER MSCI Korea TR,50405,3,0,0.0,50596.0,13.9673,0,0,45768,2026-07-23 23:38:47
229200,1,KODEX 코스닥150,13400,3,0,0.0,13387.0,-36.888,0,0,42853,2026-07-23 23:38:47
0162Z0,7,RISE 삼성전자SK하이닉스채권혼합50,13715,3,0,0.0,13675.0,19.2835,0,0,41982,2026-07-23 23:38:47
395160,2,KODEX AI반도체TOP2플러스,42545,3,0,0.0,42406.0,28.6198,0,0,41737,2026-07-23 23:38:47
458730,4,TIGER 미국배당다우존스,15330,3,0,0.0,15351.0,6.515,0,0,41192,2026-07-23 23:38:47
360200,4,ACE 미국S&P500,27570,3,0,0.0,27668.0,5.9566,0,0,40638,2026-07-23 23:38:47
0193T0,2,KODEX SK하이닉스단일종목레버리지,15540,3,0,0.0,15664.0,,0,0,40140,2026-07-23 23:38:47
411060,5,ACE KRX금현물,26895,3,0,0.0,27082.0,-14.0299,0,0,39563,2026-07-23 23:38:47
381170,4,TIGER 미국테크TOP10 INDXX,31700,3,0,0.0,32034.0,1.5282,0,0,38769,2026-07-23 23:38:47
395270,2,HANARO Fn K-반도체,60100,3,0,0.0,59887.0,31.9116,0,0,38103,2026-07-23 23:38:47
273130,6,KODEX 종합채권(AA-이상)액티브,109185,3,0,0.0,109190.0,-3.8432,0,0,36592,2026-07-23 23:38:47
357870,6,TIGER CD금리투자KIS(합성),57800,3,0,0.0,57803.0,0.697,0,0,35880,2026-07-23 23:38:47
367380,4,ACE 미국나스닥100,32325,3,0,0.0,32469.0,8.7908,0,0,35396,2026-07-23 23:38:47
423160,6,KODEX KOFR금리액티브(합성),110825,3,0,0.0,110821.0,0.6568,0,0,35394,2026-07-23 23:38:47
102780,2,KODEX 삼성그룹,26450,3,0,0.0,26419.0,12.2313,0,0,34702,2026-07-23 23:38:47
487240,2,KODEX AI전력핵심설비,38000,3,0,0.0,37947.0,-14.6389,0,0,32148,2026-07-23 23:38:47
233740,3,KODEX 코스닥150레버리지,6740,3,0,0.0,6757.0,-64.2879,0,0,30721,2026-07-23 23:38:47
0043B0,6,TIGER 머니마켓액티브,103110,3,0,0.0,103115.0,0.8215,0,0,29850,2026-07-23 23:38:47
139260,2,TIGER 200 IT,145195,3,0,0.0,144450.0,29.0368,0,0,28371,2026-07-23 23:38:47
455890,6,RISE 머니마켓액티브,55275,3,0,0.0,55278.0,0.7566,0,0,27833,2026-07-23 23:38:47
481050,6,KODEX CD1년금리플러스액티브(합성),1023625,3,0,0.0,1023466.0,0.7297,0,0,26768,2026-07-23 23:38:47
426030,4,TIME 미국나스닥100액티브,49685,3,0,0.0,49451.0,9.7531,0,0,25727,2026-07-23 23:38:47
449170,6,TIGER KOFR금리액티브(합성),111420,3,0,0.0,111407.0,0.6323,0,0,24599,2026-07-23 23:38:47
278540,1,KODEX MSCI Korea TR,40150,3,0,0.0,40283.0,14.9286,0,0,24451,2026-07-23 23:38:47
0193W0,2,KODEX 삼성전자단일종목레버리지,14640,3,0,0.0,14725.0,,0,0,24032,2026-07-23 23:38:47
161510,2,PLUS 고배당주,25330,3,0,0.0,25432.0,-8.5738,0,0,23861,2026-07-23 23:38:47
0195S0,2,TIGER SK하이닉스단일종목레버리지,13110,3,0,0.0,13208.0,,0,0,23487,2026-07-23 23:38:47
456600,4,TIME 글로벌AI인공지능액티브,61770,3,0,0.0,61388.0,19.4788,0,0,23337,2026-07-23 23:38:47
472150,2,TIGER 배당커버드콜액티브,22150,3,0,0.0,22114.0,13.1628,0,0,23087,2026-07-23 23:38:47
486290,4,TIGER 미국나스닥100타겟데일리커버드콜,11235,3,0,0.0,11275.0,8.1303,0,0,22217,2026-07-23 23:38:47
292150,2,TIGER 코리아TOP10,39855,3,0,0.0,39795.0,12.7123,0,0,21342,2026-07-23 23:38:47
284430,6,KODEX 200미국채혼합50,21735,3,0,0.0,21795.0,3.1035,0,0,21335,2026-07-23 23:38:47
385540,6,RISE 종합채권(A-이상)액티브,102260,3,0,0.0,102230.0,-3.8033,0,0,20973,2026-07-23 23:38:47
294400,1,KIWOOM 200TR,148210,3,0,0.0,148443.0,11.7688,0,0,18971,2026-07-23 23:38:47
214980,6,KODEX 단기채권PLUS,114490,3,0,0.0,114535.0,0.4985,0,0,18907,2026-07-23 23:38:47
105190,1,ACE 200,113305,3,0,0.0,113598.0,11.7429,0,0,18752,2026-07-23 23:38:47
442580,4,PLUS 글로벌HBM반도체,109990,3,0,0.0,109444.0,49.0727,0,0,18511,2026-07-23 23:38:47
446770,4,ACE 글로벌반도체TOP4 Plus,85935,3,0,0.0,85040.0,24.7836,0,0,17531,2026-07-23 23:38:47
487230,4,KODEX 미국AI전력핵심인프라,22740,3,0,0.0,22684.0,-2.6556,0,0,16987,2026-07-23 23:38:47
441640,4,KODEX 미국배당커버드콜액티브,13070,3,0,0.0,13051.0,3.5039,0,0,16821,2026-07-23 23:38:47
466920,2,SOL 조선TOP3플러스,30125,3,0,0.0,30027.0,-31.1346,0,0,16087,2026-07-23 23:38:47
305720,2,KODEX 2차전지산업,14025,3,0,0.0,14043.0,-40.1359,0,0,15722,2026-07-23 23:38:47
368590,4,RISE 미국나스닥100,31315,3,0,0.0,31444.0,8.8943,0,0,15595,2026-07-23 23:38:47
477080,6,RISE CD금리액티브(합성),107135,3,0,0.0,107134.0,0.6956,0,0,15482,2026-07-23 23:38:47
453850,6,ACE 미국30년국채액티브(H),7275,3,0,0.0,7277.0,-2.6751,0,0,15416,2026-07-23 23:38:47
379780,4,RISE 미국S&P500,23785,3,0,0.0,23866.0,6.0541,0,0,15365,2026-07-23 23:38:47
152100,1,PLUS 200,114935,3,0,0.0,115046.0,11.6576,0,0,15286,2026-07-23 23:38:47
475630,7,TIGER CD1년금리액티브(합성),1072380,3,0,0.0,1072376.0,0.7347,0,0,15061,2026-07-23 23:38:47
0177N0,7,KODEX 삼성전자SK하이닉스채권혼합50,14455,3,0,0.0,14398.0,18.9237,0,0,15019,2026-07-23 23:38:47
329200,2,TIGER 리츠부동산인프라,4030,3,0,0.0,4039.0,-16.5244,0,0,14842,2026-07-23 23:38:47
315930,2,KODEX Top5PlusTR,84900,3,0,0.0,85176.0,19.061,0,0,14773,2026-07-23 23:38:47
091230,2,TIGER 반도체,139570,3,0,0.0,139048.0,8.6932,0,0,14292,2026-07-23 23:38:47
390390,4,KODEX 미국반도체,58700,3,0,0.0,58789.0,21.8943,0,0,13971,2026-07-23 23:38:47
436140,6,SOL 종합채권(AA-이상)액티브,105510,3,0,0.0,105471.0,-3.7198,0,0,13400,2026-07-23 23:38:47
157450,6,TIGER 단기통안채,112235,3,0,0.0,112237.0,0.5826,0,0,13066,2026-07-23 23:38:47
0195R0,2,TIGER 삼성전자단일종목레버리지,13450,3,0,0.0,13534.0,,0,0,12811,2026-07-23 23:38:47
448330,1,KODEX 삼성전자채권혼합,17270,3,0,0.0,17304.0,6.9699,0,0,12745,2026-07-23 23:38:47
232080,1,TIGER 코스닥150,13635,3,0,0.0,13647.0,-36.9224,0,0,12408,2026-07-23 23:38:47
438080,7,ACE 미국S&P500미국채혼합50액티브,14700,3,0,0.0,14695.0,3.3762,0,0,12348,2026-07-23 23:38:47
497570,4,TIGER 미국필라델피아AI반도체나스닥,23820,3,0,0.0,23809.0,17.9624,0,0,12315,2026-07-23 23:38:47
0072R0,5,TIGER KRX금현물,12810,3,0,0.0,12942.0,-13.8401,0,0,11856,2026-07-23 23:38:47
494890,1,KODEX 200액티브,32675,3,0,0.0,32712.0,11.7982,0,0,11436,2026-07-23 23:38:47
449450,2,PLUS K방산,56110,3,0,0.0,56081.0,-36.4128,0,0,11228,2026-07-23 23:38:47
469150,2,ACE AI반도체TOP3+,59505,3,0,0.0,59582.0,6.3644,0,0,11098,2026-07-23 23:38:47
479080,6,1Q 머니마켓액티브,53565,3,0,0.0,53561.0,0.8094,0,0,10969,2026-07-23 23:38:47
0183J0,4,TIGER 미국우주테크,7470,3,0,0.0,7445.0,-30.4813,0,0,10944,2026-07-23 23:38:47
494310,2,KODEX 반도체레버리지,94550,3,0,0.0,94995.0,-2.4406,0,0,10921,2026-07-23 23:38:47
226490,1,KODEX 코스피,73040,3,0,0.0,73035.0,6.0269,0,0,10919,2026-07-23 23:38:47
445290,2,KODEX 로봇액티브,31195,3,0,0.0,31099.0,-10.8303,0,0,10903,2026-07-23 23:38:47
451540,6,TIGER 종합채권(AA-이상)액티브,52475,3,0,0.0,52490.0,-3.9473,0,0,10823,2026-07-23 23:38:47
356540,6,ACE 종합채권(AA-이상)액티브,100590,3,0,0.0,100608.0,-3.7454,0,0,10462,2026-07-23 23:38:47
465580,4,ACE 미국빅테크TOP7 Plus,24230,3,0,0.0,24463.0,2.7482,0,0,10346,2026-07-23 23:38:47
469830,6,SOL 초단기채권액티브,54170,3,0,0.0,54175.0,0.7816,0,0,10332,2026-07-23 23:38:47
0117V0,2,TIGER 코리아AI전력기기TOP3플러스,20030,3,0,0.0,20025.0,-13.8975,0,0,10295,2026-07-23 23:38:47
446720,4,SOL 미국배당다우존스,14050,3,0,0.0,14073.0,6.5114,0,0,10271,2026-07-23 23:38:47
479520,6,RISE KOFR금리액티브(합성),106055,3,0,0.0,106042.0,0.6358,0,0,10091,2026-07-23 23:38:47
455850,2,SOL AI반도체소부장,23615,3,0,0.0,23512.0,-22.6969,0,0,10036,2026-07-23 23:38:47
495050,1,RISE 코리아밸류업,33715,3,0,0.0,33862.0,14.3678,0,0,10013,2026-07-23 23:38:47
237350,1,KODEX 코스피100,90600,3,0,0.0,90914.0,14.0342,0,0,10011,2026-07-23 23:38:47
0139F0,6,TIGER 12월자동연장금융채(AA-이상)액티브,101690,3,0,0.0,101697.0,0.5639,0,0,9760,2026-07-23 23:38:47
0117L0,6,KODEX 26-12 금융채(AA-이상)액티브,10125,3,0,0.0,10124.0,0.6461,0,0,9755,2026-07-23 23:38:47
295040,1,SOL 200TR,42355,3,0,0.0,42440.0,11.9365,0,0,9466,2026-07-23 23:38:47
449180,4,KODEX 미국S&P500(H),16765,3,0,0.0,16789.0,5.1732,0,0,9455,2026-07-23 23:38:47
402970,4,ACE 미국배당다우존스,15560,3,0,0.0,15587.0,6.6579,0,0,9445,2026-07-23 23:38:47
494300,4,KODEX 미국나스닥100데일리커버드콜OTM,9860,3,0,0.0,9899.0,3.5619,0,0,9377,2026-07-23 23:38:47
438100,7,ACE 미국나스닥100미국채혼합50액티브,15965,3,0,0.0,15944.0,4.8486,0,0,9355,2026-07-23 23:38:47
305540,2,TIGER 2차전지테마,17650,3,0,0.0,17744.0,-37.8961,0,0,8560,2026-07-23 23:38:47
475720,3,RISE 200위클리커버드콜,13685,3,0,0.0,13707.0,4.5839,0,0,8533,2026-07-23 23:38:47
153130,6,KODEX 단기채권,113225,3,0,0.0,113227.0,0.5356,0,0,8451,2026-07-23 23:38:47
069660,1,KIWOOM 200,113150,3,0,0.0,113244.0,11.9339,0,0,8430,2026-07-23 23:38:47
371460,4,TIGER 차이나전기차SOLACTIVE,11100,3,0,0.0,11209.0,-23.5212,0,0,8183,2026-07-23 23:38:47
441800,1,TIME Korea플러스배당액티브,30275,3,0,0.0,30333.0,0.1317,0,0,8168,2026-07-23 23:38:47
476550,6,TIGER 미국30년국채커버드콜액티브(H),6990,3,0,0.0,6979.0,-2.7051,0,0,8084,2026-07-23 23:38:47
385560,6,RISE KIS국고채30년Enhanced,50815,3,0,0.0,51105.0,-21.2274,0,0,8079,2026-07-23 23:38:47
423920,4,TIGER 미국필라델피아반도체레버리지(합성),107805,3,0,0.0,108161.0,37.2413,0,0,8031,2026-07-23 23:38:47
457480,4,ACE 테슬라밸류체인액티브,19370,3,0,0.0,19749.0,-13.6062,0,0,8019,2026-07-23 23:38:47
498410,2,KODEX 금융고배당TOP10타겟위클리커버드콜,12230,3,0,0.0,12180.0,-3.9124,0,0,7962,2026-07-23 23:38:47
252670,3,KODEX 200선물인버스2X,92,3,0,0.0,92.0,-44.7514,0,0,7944,2026-07-23 23:38:47
0048J0,6,KODEX 미국머니마켓액티브,14690,3,0,0.0,14693.0,1.171,0,0,7869,2026-07-23 23:38:47
466940,2,TIGER 은행고배당플러스TOP10,26300,3,0,0.0,26327.0,0.6845,0,0,7864,2026-07-23 23:38:47
0177R0,2,TIGER 반도체TOP10커버드콜액티브,12035,3,0,0.0,12092.0,14.3033,0,0,7859,2026-07-23 23:38:47
481060,6,KODEX 미국30년국채타겟커버드콜(합성 H),7520,3,0,0.0,7542.0,-2.7839,0,0,7810,2026-07-23 23:38:47
114800,3,KODEX 인버스,1062,3,0,0.0,1062.0,-20.1295,0,0,7740,2026-07-23 23:38:47
490590,4,RISE 미국AI밸류체인데일리고정커버드콜,14805,3,0,0.0,14847.0,7.1348,0,0,7691,2026-07-23 23:38:47
102970,2,KODEX 증권,20835,3,0,0.0,20858.0,-28.6792,0,0,7688,2026-07-23 23:38:47
0025N0,7,TIGER TDF2045 적격,12350,3,0,0.0,12366.0,4.1004,0,0,7614,2026-07-23 23:38:47
0061Z0,6,RISE 단기특수은행채액티브,50835,3,0,0.0,50838.0,0.6934,0,0,7559,2026-07-23 23:38:47
272580,6,TIGER 단기채권액티브,56895,3,0,0.0,56901.0,0.5747,0,0,7457,2026-07-23 23:38:47
144600,5,KODEX 은선물(H),9725,3,0,0.0,9709.0,-25.1257,0,0,7391,2026-07-23 23:38:47
491010,4,TIGER 글로벌AI전력인프라액티브,29225,3,0,0.0,28986.0,1.6171,0,0,7327,2026-07-23 23:38:47
495850,1,KODEX 코리아밸류업,33515,3,0,0.0,33653.0,14.1678,0,0,7306,2026-07-23 23:38:47
367760,2,RISE 네트워크인프라,61070,3,0,0.0,60965.0,22.5707,0,0,7237,2026-07-23 23:38:47
138540,2,TIGER 현대차그룹플러스,55215,3,0,0.0,55033.0,-16.0155,0,0,7200,2026-07-23 23:38:47
456610,6,TIGER 미국달러SOFR금리액티브(합성),63335,3,0,0.0,63383.0,1.1153,0,0,7189,2026-07-23 23:38:47
458760,4,TIGER 미국배당다우존스타겟커버드콜2호,11390,3,0,0.0,11412.0,6.2315,0,0,7073,2026-07-23 23:38:47
0167B0,2,SOL 200타겟위클리커버드콜,12630,3,0,0.0,12618.0,10.3138,0,0,7048,2026-07-23 23:38:47
290130,2,RISE ESG사회책임투자,49775,3,0,0.0,49603.0,20.9542,0,0,7043,2026-07-23 23:38:47
434730,2,HANARO 원자력iSelect,58735,3,0,0.0,58644.0,-30.2855,0,0,6989,2026-07-23 23:38:47
0015B0,4,KoAct 미국나스닥성장기업액티브,20880,3,0,0.0,20830.0,10.4706,0,0,6932,2026-07-23 23:38:47
487340,6,ACE 머니마켓액티브,105465,3,0,0.0,105462.0,0.8417,0,0,6927,2026-07-23 23:38:47
0127P0,4,ACE 미국대형성장주액티브,11040,3,0,0.0,11058.0,6.3242,0,0,6889,2026-07-23 23:38:47
455030,6,KODEX 미국달러SOFR금리액티브(합성),12625,3,0,0.0,12619.0,0.934,0,0,6710,2026-07-23 23:38:47
329750,6,TIGER 미국달러단기채권액티브,13825,3,0,0.0,13823.0,0.8324,0,0,6707,2026-07-23 23:38:47
396520,4,TIGER 차이나반도체FACTSET,16260,3,0,0.0,16197.0,47.2632,0,0,6576,2026-07-23 23:38:47
466950,4,TIGER 글로벌AI액티브,34165,3,0,0.0,34108.0,12.2703,0,0,6437,2026-07-23 23:38:47
371160,4,TIGER 차이나항셍테크,7580,3,0,0.0,7584.0,-5.9664,0,0,6398,2026-07-23 23:38:47
462330,2,KODEX 2차전지산업레버리지,999,3,0,0.0,1000.0,-67.8179,0,0,6350,2026-07-23 23:38:47
0101N0,2,RISE AI전력인프라,20250,3,0,0.0,20246.0,-11.442,0,0,6328,2026-07-23 23:38:47
434060,7,KODEX TDF2050액티브 적격,17545,3,0,0.0,17448.0,0.4841,0,0,6316,2026-07-23 23:38:47
364980,2,TIGER 2차전지TOP10,9665,3,0,0.0,9665.0,-35.3565,0,0,6277,2026-07-23 23:38:47
482730,4,TIGER 미국S&P500타겟데일리커버드콜,12425,3,0,0.0,12450.0,5.9983,0,0,6256,2026-07-23 23:38:47
314250,4,KODEX 미국빅테크10(H),57940,3,0,0.0,58113.0,8.5272,0,0,6234,2026-07-23 23:38:47
484790,6,KODEX 미국30년국채액티브(H),8370,3,0,0.0,8361.0,-2.893,0,0,6028,2026-07-23 23:38:47
418660,4,TIGER 미국나스닥100레버리지(합성),43735,3,0,0.0,43949.0,15.0369,0,0,5992,2026-07-23 23:38:47
251600,7,PLUS 고배당주채권혼합,15450,3,0,0.0,15485.0,-4.4046,0,0,5964,2026-07-23 23:38:47
494670,2,TIGER 조선TOP10,23500,3,0,0.0,23521.0,-31.1768,0,0,5946,2026-07-23 23:38:47
489250,4,KODEX 미국배당다우존스,13185,3,0,0.0,13208.0,6.623,0,0,5841,2026-07-23 23:38:47
449190,4,KODEX 미국나스닥100(H),21825,3,0,0.0,21885.0,7.9382,0,0,5795,2026-07-23 23:38:47
114260,6,KODEX 국고채3년,61435,3,0,0.0,61470.0,-0.5988,0,0,5720,2026-07-23 23:38:47
243880,2,TIGER 200IT레버리지,422355,3,0,0.0,422139.0,33.2991,0,0,5596,2026-07-23 23:38:47
463250,2,TIGER K방산&우주,36230,3,0,0.0,36101.0,-36.2103,0,0,5561,2026-07-23 23:38:47
0019K0,7,TIME 미국나스닥100채권혼합50액티브,13695,3,0,0.0,13712.0,6.07,0,0,5546,2026-07-23 23:38:47
0148J0,2,TIGER 코리아휴머노이드로봇산업,8795,3,0,0.0,8774.0,-28.4505,0,0,5479,2026-07-23 23:38:47
315960,2,RISE 대형고배당10TR,82000,3,0,0.0,82258.0,19.2856,0,0,5412,2026-07-23 23:38:47
444200,2,SOL 코리아메가테크액티브,47600,3,0,0.0,47682.0,-6.4187,0,0,5403,2026-07-23 23:38:47
0105E0,2,SOL 코리아고배당,13005,3,0,0.0,13057.0,-5.9984,0,0,5365,2026-07-23 23:38:47
438330,6,TIGER 우량회사채액티브,114825,3,0,0.0,114876.0,-0.5418,0,0,5362,2026-07-23 23:38:47
0190C0,2,RISE 현대차고정피지컬AI,9070,3,0,0.0,9056.0,,0,0,5306,2026-07-23 23:38:47
496080,1,TIGER 코리아밸류업,33545,3,0,0.0,33679.0,13.8007,0,0,5283,2026-07-23 23:38:47
293180,1,HANARO 200,113355,3,0,0.0,113607.0,11.5393,0,0,5271,2026-07-23 23:38:47
365780,6,ACE 국고채10년,81745,3,0,0.0,81678.0,-4.2637,0,0,5210,2026-07-23 23:38:47
251350,4,KODEX MSCI선진국,40630,3,0,0.0,40744.0,4.6741,0,0,5201,2026-07-23 23:38:47
491620,4,RISE 미국테크100데일리고정커버드콜,11120,3,0,0.0,11167.0,7.8246,0,0,5199,2026-07-23 23:38:47
0091P0,2,TIGER 코리아원자력,15275,3,0,0.0,15258.0,-44.8748,0,0,5148,2026-07-23 23:38:47
488080,3,TIGER 반도체TOP10레버리지,41900,3,0,0.0,42328.0,-22.2493,0,0,5112,2026-07-23 23:38:47
0007F0,6,KODEX 27-12 회사채(AA-이상)액티브,10125,3,0,0.0,10131.0,0.0988,0,0,5076,2026-07-23 23:38:47
361580,1,RISE 200TR,64225,3,0,0.0,64325.0,11.6872,0,0,5010,2026-07-23 23:38:47
499660,7,TIGER CD금리플러스액티브(합성),1002200,3,0,0.0,1002199.0,0.7428,0,0,4987,2026-07-23 23:38:47
462010,2,TIGER 2차전지소재Fn,4675,3,0,0.0,4673.0,-44.6877,0,0,4977,2026-07-23 23:38:47
473290,6,KODEX 26-12 회사채(AA-이상)액티브,10840,3,0,0.0,10842.0,0.5565,0,0,4937,2026-07-23 23:38:47
471230,6,KODEX 국고채10년액티브,102840,3,0,0.0,102848.0,-4.472,0,0,4878,2026-07-23 23:38:47
476800,7,KODEX 한국부동산리츠인프라,4215,3,0,0.0,4244.0,-15.7275,0,0,4822,2026-07-23 23:38:47
483280,4,KODEX 미국AI테크TOP10타겟커버드콜,12250,3,0,0.0,12371.0,0.5296,0,0,4790,2026-07-23 23:38:47
490490,7,SOL 미국배당미국채혼합50,11560,3,0,0.0,11522.0,2.4896,0,0,4716,2026-07-23 23:38:47
435420,7,TIGER 미국나스닥100채권혼합50,14300,3,0,0.0,14312.0,3.4488,0,0,4712,2026-07-23 23:38:47
451000,6,PLUS 종합채권(AA-이상)액티브,106535,3,0,0.0,106483.0,-3.8221,0,0,4584,2026-07-23 23:38:47
447770,7,TIGER 테슬라채권혼합Fn,13965,3,0,0.0,14160.0,-1.8542,0,0,4553,2026-07-23 23:38:47
277630,1,TIGER 코스피,73740,3,0,0.0,74044.0,6.4913,0,0,4461,2026-07-23 23:38:47
091180,2,KODEX 자동차,30980,3,0,0.0,30929.0,-9.7089,0,0,4461,2026-07-23 23:38:47
451060,1,1Q 200액티브,36200,3,0,0.0,36288.0,11.325,0,0,4453,2026-07-23 23:38:47
448290,4,TIGER 미국S&P500(H),17405,3,0,0.0,17433.0,5.1941,0,0,4403,2026-07-23 23:38:47
0163Y0,1,KoAct 코스닥액티브,8820,3,0,0.0,8842.0,-34.2106,0,0,4384,2026-07-23 23:38:47
480260,6,TIGER 27-04회사채(A+이상)액티브,53585,3,0,0.0,53583.0,0.3278,0,0,4382,2026-07-23 23:38:47
474220,4,TIGER 미국테크TOP10타겟커버드콜,15365,3,0,0.0,15512.0,0.5816,0,0,4333,2026-07-23 23:38:47
0173Y0,4,KODEX 미국AI광통신네트워크,12135,3,0,0.0,11927.0,-8.9695,0,0,4259,2026-07-23 23:38:47
439870,6,KODEX 국고채30년액티브,86185,3,0,0.0,86200.0,-17.152,0,0,4250,2026-07-23 23:38:47
241180,4,TIGER 일본니케이225,35925,3,0,0.0,36098.0,8.3521,0,0,4218,2026-07-23 23:38:47
148070,6,KIWOOM 국고채10년,103550,3,0,0.0,103524.0,-4.2966,0,0,4139,2026-07-23 23:38:47
458250,6,TIGER 미국30년국채스트립액티브(합성 H),35375,3,0,0.0,35400.0,-5.1135,0,0,4085,2026-07-23 23:38:47
477050,6,PLUS 머니마켓액티브,53310,3,0,0.0,53310.0,0.7468,0,0,4071,2026-07-23 23:38:47
426020,4,TIME 미국S&P500액티브,33685,3,0,0.0,33744.0,8.304,0,0,4029,2026-07-23 23:38:47
0016X0,6,SOL 중단기회사채(A-이상)액티브,51210,3,0,0.0,51201.0,0.3921,0,0,4018,2026-07-23 23:38:47
0023A0,4,SOL 미국양자컴퓨팅TOP10,24865,3,0,0.0,24754.0,-10.7866,0,0,3991,2026-07-23 23:38:47
0060H0,1,TIGER 토탈월드스탁액티브,13220,3,0,0.0,13261.0,4.8025,0,0,3966,2026-07-23 23:38:47
474590,2,WON 반도체밸류체인액티브,45390,3,0,0.0,45315.0,21.162,0,0,3949,2026-07-23 23:38:47
385720,1,TIME 코스피액티브,26700,3,0,0.0,26658.0,5.2426,0,0,3818,2026-07-23 23:38:47
0043Y0,4,TIME 차이나AI테크액티브,21650,3,0,0.0,21624.0,14.4587,0,0,3789,2026-07-23 23:38:47
462900,2,KoAct 바이오헬스케어액티브,13635,3,0,0.0,13631.0,-40.2732,0,0,3702,2026-07-23 23:38:47
453810,4,KODEX 인도Nifty50,12295,3,0,0.0,12345.0,-3.888,0,0,3689,2026-07-23 23:38:47
0080G0,2,KODEX 방산TOP10,10920,3,0,0.0,10963.0,-35.0499,0,0,3680,2026-07-23 23:38:47
471990,2,KODEX AI반도체핵심장비,22610,3,0,0.0,22559.0,-24.0324,0,0,3674,2026-07-23 23:38:47
0131V0,4,1Q 미국우주항공테크,10970,3,0,0.0,11021.0,-12.9913,0,0,3664,2026-07-23 23:38:47
0144L0,4,KODEX 미국성장커버드콜액티브,10200,3,0,0.0,10168.0,6.143,0,0,3652,2026-07-23 23:38:47
310960,1,TIGER 200TR,65775,3,0,0.0,65942.0,11.5751,0,0,3618,2026-07-23 23:38:47
0167Z0,4,KODEX 미국우주항공,7830,3,0,0.0,7819.0,-27.155,0,0,3547,2026-07-23 23:38:47
439860,6,KODEX ESG종합채권(A-이상)액티브,112965,3,0,0.0,112947.0,-0.8387,0,0,3546,2026-07-23 23:38:47
456880,7,ACE 미국달러SOFR금리(합성),12830,3,0,0.0,12868.0,1.1323,0,0,3539,2026-07-23 23:38:47
0040Y0,7,SOL 팔란티어커버드콜OTM채권혼합,8105,3,0,0.0,8022.0,-2.2627,0,0,3534,2026-07-23 23:38:47
469070,2,RISE AI&로봇,10800,3,0,0.0,10782.0,-31.5014,0,0,3526,2026-07-23 23:38:47
0052D0,2,TIGER 코리아배당다우존스,15750,3,0,0.0,15806.0,-5.4986,0,0,3512,2026-07-23 23:38:47
448300,4,TIGER 미국나스닥100(H),22560,3,0,0.0,22612.0,8.1488,0,0,3486,2026-07-23 23:38:47
484880,2,SOL 금융지주플러스고배당,22460,3,0,0.0,22445.0,0.8467,0,0,3436,2026-07-23 23:38:47
0046A0,6,TIGER 미국초단기(3개월이하)국채,10150,3,0,0.0,10171.0,0.8223,0,0,3426,2026-07-23 23:38:47
091170,2,KODEX 은행,15900,3,0,0.0,15949.0,2.0138,0,0,3403,2026-07-23 23:38:47
0162M0,6,KODEX 금융채1~2년(AA-이상)PLUS액티브,10005,3,0,0.0,10006.0,0.0,0,0,3381,2026-07-23 23:38:47
472170,7,TIGER 미국테크TOP10채권혼합,14095,3,0,0.0,14092.0,0.0353,0,0,3355,2026-07-23 23:38:47
385550,6,RISE 단기채권알파액티브,113690,3,0,0.0,113691.0,0.5751,0,0,3338,2026-07-23 23:38:47
496020,6,WON 전단채플러스액티브,52265,3,0,0.0,52262.0,0.8687,0,0,3326,2026-07-23 23:38:47
475300,2,SOL 반도체전공정,21385,3,0,0.0,21348.0,-0.6468,0,0,3315,2026-07-23 23:38:47
385510,2,KODEX 신재생에너지액티브,40155,3,0,0.0,39668.0,-34.2355,0,0,3293,2026-07-23 23:38:47
454780,6,KIWOOM 종합채권(AA-이상)액티브,98895,3,0,0.0,98883.0,-3.8974,0,0,3292,2026-07-23 23:38:47
132030,5,KODEX 골드선물(H),23170,3,0,0.0,23170.0,-14.4888,0,0,3290,2026-07-23 23:38:47
0052S0,7,1Q 미국S&P500미국채혼합50액티브,12180,3,0,0.0,12181.0,3.4953,0,0,3252,2026-07-23 23:38:47
0026S0,4,1Q 미국S&P500,13310,3,0,0.0,13357.0,5.8922,0,0,3248,2026-07-23 23:38:47
0182R0,2,1Q K반도체TOP2+,11220,3,0,0.0,11215.0,-1.2757,0,0,3209,2026-07-23 23:38:47
279530,2,KODEX 고배당주,17570,3,0,0.0,17618.0,-4.7855,0,0,3198,2026-07-23 23:38:47
483320,4,ACE 엔비디아밸류체인액티브,26150,3,0,0.0,26112.0,18.646,0,0,3190,2026-07-23 23:38:47
442570,7,RISE TDF2050액티브 적격,18010,3,0,0.0,17892.0,5.1955,0,0,3179,2026-07-23 23:38:47
448630,7,RISE 삼성그룹Top3채권혼합,14800,3,0,0.0,14865.0,-0.2046,0,0,3167,2026-07-23 23:38:47
0210A0,2,ACE K반도체TOP2+,7610,3,0,0.0,7599.0,,0,0,3101,2026-07-23 23:38:47
453870,4,TIGER 인도니프티50,12140,3,0,0.0,12167.0,-4.3228,0,0,3090,2026-07-23 23:38:47
0111P0,7,1Q 미국나스닥100미국채혼합50액티브,11365,3,0,0.0,11376.0,4.9864,0,0,3069,2026-07-23 23:38:47
441680,7,TIGER 미국나스닥100커버드콜(합성),11265,3,0,0.0,11299.0,3.1577,0,0,3064,2026-07-23 23:38:47
476760,6,ACE 미국30년국채액티브,9635,3,0,0.0,9624.0,-2.3751,0,0,3054,2026-07-23 23:38:47
0038A0,4,KODEX 미국휴머노이드로봇,16045,3,0,0.0,16236.0,-3.9335,0,0,3041,2026-07-23 23:38:47
485540,4,KODEX 미국AI테크TOP10,15460,3,0,0.0,15639.0,1.1574,0,0,3038,2026-07-23 23:38:47
270810,1,RISE 코스닥150,13315,3,0,0.0,13315.0,-36.9712,0,0,3025,2026-07-23 23:38:47
473330,6,SOL 미국30년국채커버드콜(합성),8680,3,0,0.0,8694.0,-2.2747,0,0,3021,2026-07-23 23:38:47
489030,2,PLUS 고배당주위클리커버드콜,6745,3,0,0.0,6773.0,-18.8809,0,0,2978,2026-07-23 23:38:47
475080,7,KODEX 테슬라커버드콜채권혼합액티브,8145,3,0,0.0,8245.0,0.0844,0,0,2969,2026-07-23 23:38:47
307520,2,TIGER 지주회사,21805,3,0,0.0,21699.0,-9.2379,0,0,2922,2026-07-23 23:38:47
433330,4,SOL 미국S&P500,22755,3,0,0.0,22833.0,5.8905,0,0,2890,2026-07-23 23:38:47
481190,4,SOL 미국테크TOP10,17195,3,0,0.0,17374.0,1.6827,0,0,2889,2026-07-23 23:38:47
461490,7,RISE 글로벌자산배분액티브,14755,3,0,0.0,14741.0,-2.0182,0,0,2885,2026-07-23 23:38:47
190620,6,ACE 단기통안채,101700,3,0,0.0,101701.0,0.6184,0,0,2878,2026-07-23 23:38:47
423170,4,SOL 글로벌AI반도체탑픽액티브,62540,3,0,0.0,62079.0,29.2625,0,0,2877,2026-07-23 23:38:47
0219E0,2,KODEX 200커버드콜액티브,9160,3,0,0.0,9151.0,,0,0,2867,2026-07-23 23:38:47
0094K0,6,TIGER 28-04 회사채(A+이상)액티브,98950,3,0,0.0,98939.0,-0.1968,0,0,2857,2026-07-23 23:38:47
157500,2,TIGER 증권,14595,3,0,0.0,14610.0,-27.8514,0,0,2840,2026-07-23 23:38:47
471040,4,KoAct 글로벌AI&로봇액티브,30880,3,0,0.0,30743.0,9.1874,0,0,2826,2026-07-23 23:38:47
0053L0,4,TIGER 차이나휴머노이드로봇,10800,3,0,0.0,10786.0,-15.1459,0,0,2824,2026-07-23 23:38:47
245710,4,ACE 베트남VN30(합성),28570,3,0,0.0,28984.0,-8.1509,0,0,2800,2026-07-23 23:38:47
273140,6,KODEX 단기변동금리부채권액티브,114605,3,0,0.0,114612.0,0.52,0,0,2781,2026-07-23 23:38:47
196230,6,RISE 단기통안채,116610,3,0,0.0,116632.0,0.5692,0,0,2781,2026-07-23 23:38:47
283580,4,KODEX 차이나CSI300,16600,3,0,0.0,16680.0,0.2127,0,0,2781,2026-07-23 23:38:47
139230,2,TIGER 200 중공업,13780,3,0,0.0,13800.0,-30.2078,0,0,2775,2026-07-23 23:38:47
472920,6,HK 종합채권(AA-이상)액티브,97440,3,0,0.0,97438.0,-3.6705,0,0,2741,2026-07-23 23:38:47
495230,1,KoAct 코리아밸류업액티브,32945,3,0,0.0,32819.0,9.1559,0,0,2718,2026-07-23 23:38:47
471780,2,TIGER 코리아테크액티브,36625,3,0,0.0,36574.0,10.6313,0,0,2714,2026-07-23 23:38:47
123320,3,TIGER 레버리지,129215,3,0,0.0,129486.0,9.5542,0,0,2714,2026-07-23 23:38:47
0008S0,4,TIGER 미국배당다우존스타겟데일리커버드콜,10270,3,0,0.0,10276.0,6.4763,0,0,2701,2026-07-23 23:38:47
483340,4,ACE 구글밸류체인액티브,23805,3,0,0.0,23743.0,12.331,0,0,2678,2026-07-23 23:38:47
388420,2,RISE 비메모리반도체액티브,28775,3,0,0.0,28730.0,4.7003,0,0,2647,2026-07-23 23:38:47
466930,2,SOL 자동차TOP3플러스,28175,3,0,0.0,28310.0,11.679,0,0,2606,2026-07-23 23:38:47
364970,2,TIGER 바이오TOP10,6470,3,0,0.0,6475.0,-23.6352,0,0,2598,2026-07-23 23:38:47
486450,4,SOL 미국AI전력인프라,21725,3,0,0.0,21745.0,-7.0693,0,0,2585,2026-07-23 23:38:47
478150,4,TIME 글로벌우주테크&방산액티브,20970,3,0,0.0,21057.0,-6.6667,0,0,2579,2026-07-23 23:38:47
497880,6,SOL CD금리&머니마켓액티브,50125,3,0,0.0,50136.0,0.792,0,0,2574,2026-07-23 23:38:47
0098F0,2,KODEX 원자력SMR,14560,3,0,0.0,14557.0,-40.9557,0,0,2563,2026-07-23 23:38:47
363580,2,KODEX 200IT TR,58000,3,0,0.0,58007.0,30.1992,0,0,2552,2026-07-23 23:38:47
213610,2,KODEX 삼성그룹밸류,22540,3,0,0.0,22620.0,9.2967,0,0,2547,2026-07-23 23:38:47
302190,6,TIGER 중장기국채,49690,3,0,0.0,49698.0,-2.4443,0,0,2544,2026-07-23 23:38:47
0162Y0,1,TIME 코스닥액티브,7335,3,0,0.0,7304.0,-35.6386,0,0,2538,2026-07-23 23:38:47
414780,4,TIGER 차이나과창판STAR50(합성),15935,3,0,0.0,16054.0,29.2007,0,0,2534,2026-07-23 23:38:47
409820,4,KODEX 미국나스닥100레버리지(합성 H),19420,3,0,0.0,19487.0,14.5347,0,0,2515,2026-07-23 23:38:47
493810,4,TIGER 미국AI빅테크10타겟데일리커버드콜,11875,3,0,0.0,11974.0,3.2246,0,0,2512,2026-07-23 23:38:47
267770,3,TIGER 200선물레버리지,99305,3,0,0.0,99382.0,10.0066,0,0,2483,2026-07-23 23:38:47
228790,2,TIGER 화장품,3735,3,0,0.0,3729.0,-9.3077,0,0,2472,2026-07-23 23:38:47
488980,6,SOL 26-12 회사채(AA-이상)액티브,51940,3,0,0.0,51942.0,0.6492,0,0,2445,2026-07-23 23:38:47
363570,6,KODEX 장기종합채권(AA-이상)액티브,85655,3,0,0.0,85511.0,-8.849,0,0,2379,2026-07-23 23:38:47
458260,6,TIGER 미국투자등급회사채액티브(H),46665,3,0,0.0,46684.0,-1.8249,0,0,2374,2026-07-23 23:38:47
442320,4,RISE 글로벌원자력,37195,3,0,0.0,37211.0,-21.9763,0,0,2366,2026-07-23 23:38:47
495060,1,TIME 코리아밸류업액티브,30865,3,0,0.0,30813.0,13.6647,0,0,2361,2026-07-23 23:38:47
329650,7,KODEX TRF3070,14205,3,0,0.0,14235.0,-1.2792,0,0,2344,2026-07-23 23:38:47
0182S0,7,1Q K반도체TOP2채권혼합50,12760,3,0,0.0,12736.0,17.9572,0,0,2341,2026-07-23 23:38:47
448540,7,ACE 엔비디아채권혼합,26580,3,0,0.0,26599.0,1.3835,0,0,2339,2026-07-23 23:38:47
437080,6,KODEX 미국종합채권ESG액티브(H),97590,3,0,0.0,97557.0,-1.2627,0,0,2337,2026-07-23 23:38:47
305080,6,TIGER 미국채10년선물,13055,3,0,0.0,13075.0,-1.5305,0,0,2337,2026-07-23 23:38:47
261260,7,KODEX 미국달러선물인버스2X,4730,3,0,0.0,4734.0,-1.5874,0,0,2326,2026-07-23 23:38:47
0183V0,7,KIWOOM 삼성전자&SK하이닉스채권혼합50,12100,3,0,0.0,12093.0,20.2651,0,0,2311,2026-07-23 23:38:47
0151S0,4,KODEX 미국AI반도체TOP3플러스,16550,3,0,0.0,16502.0,20.4119,0,0,2292,2026-07-23 23:38:47
0092C0,6,SOL 27-12 회사채(AA-이상)액티브,50025,3,0,0.0,50030.0,0.3008,0,0,2282,2026-07-23 23:38:47
472160,4,TIGER 미국테크TOP10 INDXX(H),18245,3,0,0.0,18393.0,0.9051,0,0,2281,2026-07-23 23:38:47
0104N0,2,TIGER 200타겟위클리커버드콜,21920,3,0,0.0,21982.0,11.8336,0,0,2280,2026-07-23 23:38:47
0047A0,4,TIGER 차이나테크TOP10,14080,3,0,0.0,14118.0,6.2874,0,0,2260,2026-07-23 23:38:47
302450,1,RISE 코스피,73830,3,0,0.0,73570.0,6.4196,0,0,2252,2026-07-23 23:38:47
463050,2,TIME K바이오액티브,12200,3,0,0.0,12161.0,-35.866,0,0,2251,2026-07-23 23:38:47
498270,4,KIWOOM 미국양자컴퓨팅,14860,3,0,0.0,14793.0,0.9137,0,0,2214,2026-07-23 23:38:47
266160,2,RISE 고배당,34500,3,0,0.0,34527.0,7.9311,0,0,2191,2026-07-23 23:38:47
0204D0,2,KODEX 현대차로보틱스밸류체인TOP3플러스,7000,3,0,0.0,6987.0,,0,0,2184,2026-07-23 23:38:47
0089D0,2,KODEX 금융고배당TOP10,13525,3,0,0.0,13529.0,0.5407,0,0,2178,2026-07-23 23:38:47
332930,1,HANARO 200TR,148445,3,0,0.0,148517.0,11.529,0,0,2152,2026-07-23 23:38:47
490090,4,TIGER 미국AI빅테크10,16200,3,0,0.0,16393.0,3.6966,0,0,2147,2026-07-23 23:38:47
452360,4,SOL 미국배당다우존스(H),12925,3,0,0.0,12937.0,5.7552,0,0,2107,2026-07-23 23:38:47
433500,2,ACE 원자력TOP10,51260,3,0,0.0,51254.0,-40.0985,0,0,2102,2026-07-23 23:38:47
394670,4,TIGER 글로벌리튬&2차전지SOLACTIVE(합성),11310,3,0,0.0,11461.0,-18.4807,0,0,2095,2026-07-23 23:38:47
476450,6,KIWOOM 머니마켓액티브,52580,3,0,0.0,52583.0,0.7088,0,0,2084,2026-07-23 23:38:47
0115D0,2,KODEX 조선TOP10,8345,3,0,0.0,8351.0,-30.6544,0,0,2070,2026-07-23 23:38:47
495550,1,SOL 코리아밸류업TR,34415,3,0,0.0,34360.0,13.8461,0,0,2065,2026-07-23 23:38:47
480040,4,ACE 미국반도체데일리타겟커버드콜(합성),17370,3,0,0.0,17320.0,13.3503,0,0,2032,2026-07-23 23:38:47
421320,2,PLUS 우주항공,27260,3,0,0.0,27354.0,-48.4172,0,0,2017,2026-07-23 23:38:47
422420,2,RISE 2차전지액티브,6355,3,0,0.0,6339.0,-46.0675,0,0,2007,2026-07-23 23:38:47
244580,2,KODEX 바이오,7950,3,0,0.0,7955.0,-38.0953,0,0,2003,2026-07-23 23:38:47
463290,6,1Q 단기금융채액티브,108875,3,0,0.0,108874.0,0.6891,0,0,1964,2026-07-23 23:38:47
122090,1,PLUS 코스피50,85600,3,0,0.0,86065.0,17.3248,0,0,1952,2026-07-23 23:38:47
0119H0,6,KODEX 28-12 회사채(AA-이상)액티브,9855,3,0,0.0,9856.0,-0.4043,0,0,1937,2026-07-23 23:38:47
491610,6,1Q CD금리액티브(합성),104535,3,0,0.0,104583.0,0.7034,0,0,1916,2026-07-23 23:38:47
0069M0,4,1Q 미국나스닥100,14040,3,0,0.0,14112.0,8.7699,0,0,1895,2026-07-23 23:38:47
0005A0,4,KODEX 미국S&P500데일리커버드콜OTM,10065,3,0,0.0,10056.0,6.1038,0,0,1882,2026-07-23 23:38:47
0091C0,6,KODEX 미국10년국채액티브(H),9620,3,0,0.0,9614.0,-1.7705,0,0,1877,2026-07-23 23:38:47
117700,2,KODEX 건설,6390,3,0,0.0,6392.0,-36.6211,0,0,1859,2026-07-23 23:38:47
337160,2,KODEX 200ESG,50110,3,0,0.0,49929.0,20.1881,0,0,1854,2026-07-23 23:38:47
473460,4,KODEX 미국서학개미,23920,3,0,0.0,24144.0,0.7702,0,0,1854,2026-07-23 23:38:47
0190G0,2,KODEX 반도체타겟위클리커버드콜,9265,3,0,0.0,9258.0,,0,0,1844,2026-07-23 23:38:47
429000,4,TIGER 미국S&P500배당귀족,14020,3,0,0.0,14040.0,4.4955,0,0,1837,2026-07-23 23:38:47
433980,7,KODEX TDF2040액티브 적격,16315,3,0,0.0,16310.0,3.113,0,0,1835,2026-07-23 23:38:47
0082V0,7,KODEX TDF2060액티브 적격,11730,3,0,0.0,11684.0,0.8987,0,0,1830,2026-07-23 23:38:47
0197X0,2,SOL SK하이닉스선물단일종목인버스2X,10305,3,0,0.0,10202.0,,0,0,1829,2026-07-23 23:38:47
160580,5,TIGER 구리실물,16645,3,0,0.0,16894.0,4.9937,0,0,1781,2026-07-23 23:38:47
458210,7,KIWOOM CD금리액티브(합성),110255,3,0,0.0,110228.0,0.7034,0,0,1778,2026-07-23 23:38:47
200250,4,KIWOOM 인도Nifty50(합성),22470,3,0,0.0,22509.0,-4.3342,0,0,1775,2026-07-23 23:38:47
0093A0,2,RISE AI반도체TOP10,32465,3,0,0.0,32602.0,-7.2104,0,0,1769,2026-07-23 23:38:47
472870,6,RISE 미국30년국채엔화노출(합성 H),7265,3,0,0.0,7301.0,-5.9015,0,0,1762,2026-07-23 23:38:47
494220,2,UNICORN SK하이닉스밸류체인액티브,48750,3,0,0.0,48856.0,17.6441,0,0,1755,2026-07-23 23:38:47
0005G0,2,IBK K-AI반도체코어테크,50685,3,0,0.0,51031.0,19.318,0,0,1749,2026-07-23 23:38:47
0051G0,4,SOL 미국원자력SMR,13975,3,0,0.0,13973.0,-16.8259,0,0,1747,2026-07-23 23:38:47
332500,1,ACE 200TR,75750,3,0,0.0,76114.0,11.6148,0,0,1742,2026-07-23 23:38:47
403790,1,MIDAS 코스피액티브,59425,3,0,0.0,59714.0,7.4355,0,0,1738,2026-07-23 23:38:47
0040X0,7,SOL 팔란티어미국채커버드콜혼합,9310,3,0,0.0,9261.0,-2.8117,0,0,1727,2026-07-23 23:38:47
0122W0,6,RISE 26-11 회사채(AA-이상)액티브,50815,3,0,0.0,50827.0,0.574,0,0,1725,2026-07-23 23:38:47
483290,4,KODEX 미국배당다우존스타겟커버드콜,10770,3,0,0.0,10789.0,5.8842,0,0,1712,2026-07-23 23:38:47
0094M0,2,RISE 코리아밸류업위클리고정커버드콜,18810,3,0,0.0,18801.0,11.9708,0,0,1712,2026-07-23 23:38:47
491820,2,HANARO 전력설비투자,45485,3,0,0.0,45405.0,-15.6487,0,0,1683,2026-07-23 23:38:47
237370,7,KODEX 코리아배당성장채권혼합,15740,3,0,0.0,15778.0,-2.2128,0,0,1637,2026-07-23 23:38:47
0151P0,2,RISE 코리아전략산업액티브,15670,3,0,0.0,15747.0,-5.8676,0,0,1630,2026-07-23 23:38:47
480030,4,ACE 미국500데일리타겟커버드콜(합성),10690,3,0,0.0,10695.0,4.758,0,0,1625,2026-07-23 23:38:47
0192Z0,6,TIGER 중기종합채권(A-이상)액티브,100430,3,0,0.0,100426.0,,0,0,1622,2026-07-23 23:38:47
251340,3,KODEX 코스닥150선물인버스,2685,3,0,0.0,2703.0,44.75,0,0,1616,2026-07-23 23:38:47
0099L0,6,ACE 우량회사채(AA-이상)액티브,98895,3,0,0.0,98891.0,-0.2673,0,0,1611,2026-07-23 23:38:47
490600,4,RISE 미국배당100데일리고정커버드콜,9400,3,0,0.0,9418.0,6.6393,0,0,1598,2026-07-23 23:38:47
412570,2,TIGER 2차전지TOP10레버리지,1159,3,0,0.0,1166.0,-63.1145,0,0,1582,2026-07-23 23:38:47
480020,4,ACE 미국빅테크7+데일리타겟커버드콜(합성),11250,3,0,0.0,11335.0,-3.1287,0,0,1575,2026-07-23 23:38:47
461950,2,KODEX 2차전지핵심소재10,4690,3,0,0.0,4670.0,-45.6577,0,0,1573,2026-07-23 23:38:47
464240,6,KIWOOM 26-09회사채(AA-이상)액티브,52255,3,0,0.0,52259.0,0.7003,0,0,1568,2026-07-23 23:38:47
272560,6,RISE 단기국공채액티브,114470,3,0,0.0,114479.0,0.4387,0,0,1565,2026-07-23 23:38:47
494330,2,ACE 라이프자산주주가치액티브,31910,3,0,0.0,31852.0,23.5859,0,0,1564,2026-07-23 23:38:47
0104H0,7,KoAct 미국나스닥채권혼합50액티브,12435,3,0,0.0,12422.0,5.1314,0,0,1554,2026-07-23 23:38:47
233160,3,TIGER 코스닥150 레버리지,7360,3,0,0.0,7403.0,-64.5206,0,0,1549,2026-07-23 23:38:47
0127M0,4,ACE 미국대형가치주액티브,12845,3,0,0.0,12842.0,13.7581,0,0,1548,2026-07-23 23:38:47
152870,1,파워 200,114195,3,0,0.0,114300.0,11.6808,0,0,1542,2026-07-23 23:38:47
0064K0,5,KODEX 금액티브,12650,3,0,0.0,12662.0,-13.5163,0,0,1537,2026-07-23 23:38:47
245340,4,TIGER 미국다우존스30,37240,3,0,0.0,37366.0,6.3804,0,0,1534,2026-07-23 23:38:47
0048K0,4,KODEX 차이나휴머노이드로봇,8830,3,0,0.0,8869.0,-14.2704,0,0,1528,2026-07-23 23:38:47
219480,4,KODEX 미국S&P500선물(H),32320,3,0,0.0,32301.0,4.9545,0,0,1519,2026-07-23 23:38:47
0153K0,2,KODEX 주주환원고배당주,12205,3,0,0.0,12215.0,1.2131,0,0,1513,2026-07-23 23:38:47
0181B0,4,HANARO 미국AI메모리반도체TOP4+,11335,3,0,0.0,11240.0,,0,0,1513,2026-07-23 23:38:47
0180V0,4,ACE 미국우주테크액티브,7760,3,0,0.0,7725.0,-27.3547,0,0,1509,2026-07-23 23:38:47
136340,6,RISE 중기우량회사채,103825,3,0,0.0,103827.0,-0.5152,0,0,1503,2026-07-23 23:38:47
138520,2,TIGER 삼성그룹,36400,3,0,0.0,36417.0,11.9577,0,0,1485,2026-07-23 23:38:47
451530,6,TIGER 국고채30년스트립액티브,34660,3,0,0.0,34821.0,-27.1294,0,0,1471,2026-07-23 23:38:47
192090,4,TIGER 차이나CSI300,13520,3,0,0.0,13589.0,-0.1469,0,0,1447,2026-07-23 23:38:47
495330,1,1Q 코리아밸류업,33550,3,0,0.0,33496.0,14.3809,0,0,1443,2026-07-23 23:38:47
0176E0,4,RISE 미국AI전력인프라액티브,11310,3,0,0.0,11213.0,-0.9987,0,0,1442,2026-07-23 23:38:47
0041E0,4,KODEX 미국S&P500액티브,17170,3,0,0.0,17148.0,11.2834,0,0,1425,2026-07-23 23:38:47
304660,6,KODEX 미국30년국채울트라선물(H),7330,3,0,0.0,7332.0,-3.1044,0,0,1422,2026-07-23 23:38:47
143860,2,TIGER 헬스케어,34625,3,0,0.0,34733.0,-30.2314,0,0,1385,2026-07-23 23:38:47
448100,1,WON 200,116495,3,0,0.0,116575.0,11.779,0,0,1369,2026-07-23 23:38:47
354500,1,ACE 코스닥150,13515,3,0,0.0,13522.0,-36.9256,0,0,1365,2026-07-23 23:38:47
0074K0,2,KoAct K수출핵심기업TOP30액티브,17095,3,0,0.0,17150.0,-12.2355,0,0,1359,2026-07-23 23:38:47
0123G0,4,TIGER 미국AI전력SMR,7010,3,0,0.0,6959.0,-13.6139,0,0,1349,2026-07-23 23:38:47
0080Y0,2,SOL 조선TOP3플러스레버리지,10575,3,0,0.0,10574.0,-57.3622,0,0,1343,2026-07-23 23:38:47
325010,2,KODEX 성장주,44150,3,0,0.0,44407.0,8.3051,0,0,1325,2026-07-23 23:38:47
182480,7,TIGER 미국MSCI리츠(합성 H),14370,3,0,0.0,14380.0,6.6508,0,0,1322,2026-07-23 23:38:47
0005D0,2,SOL 전고체배터리&실리콘음극재,13765,3,0,0.0,13720.0,-49.5345,0,0,1308,2026-07-23 23:38:47
372330,4,KODEX 차이나항셍테크,7585,3,0,0.0,7584.0,-5.7303,0,0,1305,2026-07-23 23:38:47
411420,4,KODEX 미국나스닥AI테크액티브,27660,3,0,0.0,27732.0,6.0495,0,0,1300,2026-07-23 23:38:47
476030,4,SOL 미국나스닥100,17805,3,0,0.0,17883.0,8.8789,0,0,1291,2026-07-23 23:38:47
457990,2,PLUS 태양광&ESS,39015,3,0,0.0,38805.0,-27.2337,0,0,1287,2026-07-23 23:38:47
0174B0,7,KoAct 글로벌AI메모리반도체액티브,15675,3,0,0.0,15574.0,38.0478,0,0,1285,2026-07-23 23:38:47
0199C0,2,ACE 고배당주Plus커버드콜액티브,9870,3,0,0.0,9832.0,,0,0,1283,2026-07-23 23:38:47
271050,5,KODEX WTI원유선물인버스(H),1994,3,0,0.0,1977.0,-8.2775,0,0,1278,2026-07-23 23:38:47
0131W0,6,1Q 단기특수은행채액티브,101805,3,0,0.0,101813.0,0.6427,0,0,1264,2026-07-23 23:38:47
139220,2,TIGER 200 건설,7295,3,0,0.0,7292.0,-30.802,0,0,1253,2026-07-23 23:38:47
481180,4,SOL 미국AI소프트웨어,14475,3,0,0.0,14443.0,16.701,0,0,1252,2026-07-23 23:38:47
328370,1,PLUS 코스피TR,39700,3,0,0.0,39913.0,6.5685,0,0,1251,2026-07-23 23:38:47
377990,2,TIGER Fn신재생에너지,25475,3,0,0.0,25456.0,-28.7083,0,0,1248,2026-07-23 23:38:47
114820,6,TIGER 국채3년,104465,3,0,0.0,104489.0,-0.6515,0,0,1238,2026-07-23 23:38:47
0168K0,2,TIGER 기술이전바이오액티브,6005,3,0,0.0,6014.0,-40.7742,0,0,1235,2026-07-23 23:38:47
0000Y0,6,HK 26-12 회사채(AA-이상)액티브,101510,3,0,0.0,101529.0,0.5995,0,0,1228,2026-07-23 23:38:47
471760,2,TIGER AI반도체핵심공정,14355,3,0,0.0,14349.0,-35.1429,0,0,1220,2026-07-23 23:38:47
332940,1,HANARO MSCI Korea TR,50590,3,0,0.0,50421.0,14.3311,0,0,1214,2026-07-23 23:38:47
0036R0,4,RISE 미국휴머노이드로봇,20530,3,0,0.0,20704.0,11.2338,0,0,1211,2026-07-23 23:38:47
463680,4,KODEX 미국S&P500테크놀로지,23000,3,0,0.0,22874.0,16.0488,0,0,1208,2026-07-23 23:38:47
464310,4,TIGER 글로벌AI&로보틱스 INDXX,14535,3,0,0.0,14554.0,-5.5664,0,0,1199,2026-07-23 23:38:47
464930,4,TIGER 글로벌혁신블루칩TOP10,21400,3,0,0.0,21528.0,4.0211,0,0,1198,2026-07-23 23:38:47
399110,4,SOL 미국S&P500ESG,21490,3,0,0.0,21517.0,6.0985,0,0,1182,2026-07-23 23:38:47
367770,2,RISE 수소경제테마,22740,3,0,0.0,22653.0,-23.1686,0,0,1171,2026-07-23 23:38:47
488500,4,TIGER 미국S&P500동일가중,13175,3,0,0.0,13210.0,5.0611,0,0,1159,2026-07-23 23:38:47
168580,4,ACE 중국본토CSI300,37145,3,0,0.0,37404.0,0.3878,0,0,1159,2026-07-23 23:38:47
491230,6,PLUS 국공채머니마켓액티브,52330,3,0,0.0,52326.0,0.7258,0,0,1156,2026-07-23 23:38:47
309230,4,ACE 미국WideMoat동일가중,30945,3,0,0.0,31051.0,2.7587,0,0,1151,2026-07-23 23:38:47
447620,7,SOL 미국TOP5채권혼합50,15755,3,0,0.0,15771.0,2.5782,0,0,1150,2026-07-23 23:38:47
261270,7,KODEX 미국달러선물인버스,7605,3,0,0.0,7613.0,-0.3966,0,0,1145,2026-07-23 23:38:47
498180,6,파워 종합채권(AA-이상)액티브,92650,3,0,0.0,92755.0,-3.8153,0,0,1143,2026-07-23 23:38:47
394660,4,TIGER 글로벌자율주행&전기차SOLACTIVE,17185,3,0,0.0,17335.0,-2.8321,0,0,1141,2026-07-23 23:38:47
325020,2,KODEX 배당가치,30000,3,0,0.0,29914.0,5.8843,0,0,1140,2026-07-23 23:38:47
0135Y0,6,IBK 중기종합채권(AA-이상)액티브,99910,3,0,0.0,99884.0,-0.3741,0,0,1136,2026-07-23 23:38:47
326240,2,RISE IT플러스,44305,3,0,0.0,44490.0,4.3303,0,0,1134,2026-07-23 23:38:47
304940,4,KODEX 미국나스닥100선물(H),31895,3,0,0.0,31934.0,7.6559,0,0,1132,2026-07-23 23:38:47
0092B0,2,SOL 한국원자력SMR,14150,3,0,0.0,14172.0,-44.0084,0,0,1125,2026-07-23 23:38:47
266370,2,KODEX IT,70185,3,0,0.0,70066.0,15.1116,0,0,1123,2026-07-23 23:38:47
0132K0,7,PLUS 테슬라위클리커버드콜채권혼합,8310,3,0,0.0,8450.0,0.6849,0,0,1101,2026-07-23 23:38:47
204480,4,TIGER 차이나CSI300레버리지(합성),29495,3,0,0.0,29983.0,-2.6338,0,0,1097,2026-07-23 23:38:47
469170,2,ACE 포스코그룹포커스,5560,3,0,0.0,5566.0,-37.169,0,0,1095,2026-07-23 23:38:47
496090,1,KIWOOM 코리아밸류업,33610,3,0,0.0,33678.0,14.3392,0,0,1092,2026-07-23 23:38:47
454320,2,HANARO CAPEX설비투자iSelect,43120,3,0,0.0,43361.0,-24.3135,0,0,1078,2026-07-23 23:38:47
319640,4,TIGER 골드선물(H),24415,3,0,0.0,24386.0,-14.411,0,0,1074,2026-07-23 23:38:47
0191W0,6,HANARO 중기종합채권(A-이상)액티브,100405,3,0,0.0,100406.0,,0,0,1069,2026-07-23 23:38:47
0193M0,6,BNK 27-12 특수채(AAA이상)액티브,50170,3,0,0.0,50171.0,,0,0,1061,2026-07-23 23:38:47
438570,6,SOL 국고채10년,97270,3,0,0.0,97280.0,-4.2666,0,0,1057,2026-07-23 23:38:47
455860,2,SOL 2차전지소부장Fn,4350,3,0,0.0,4355.0,-45.0406,0,0,1055,2026-07-23 23:38:47
0091M0,6,HANARO 27-06 회사채(AA-이상)액티브,10120,3,0,0.0,10122.0,0.4965,0,0,1053,2026-07-23 23:38:47
0221V0,6,IBK 초단기채권액티브,100065,3,0,0.0,100070.0,,0,0,1051,2026-07-23 23:38:47
449770,4,KIWOOM 미국S&P500,21850,3,0,0.0,21912.0,5.8335,0,0,1049,2026-07-23 23:38:47
0184L0,6,PLUS 중기종합채권(A-이상)액티브,100135,3,0,0.0,100126.0,,0,0,1041,2026-07-23 23:38:47
0085P0,6,ACE 미국10년국채액티브,10470,3,0,0.0,10458.0,-1.0877,0,0,1037,2026-07-23 23:38:47
0000J0,2,PLUS 한화그룹주,26885,3,0,0.0,26959.0,-38.9499,0,0,1035,2026-07-23 23:38:47
0035T0,7,PLUS 글로벌휴머노이드로봇액티브,20885,3,0,0.0,20904.0,0.5968,0,0,1034,2026-07-23 23:38:47
465610,4,ACE 미국빅테크TOP7 Plus레버리지(합성),42965,3,0,0.0,43522.0,3.3333,0,0,1031,2026-07-23 23:38:47
475050,2,ACE KPOP포커스,7285,3,0,0.0,7272.0,-28.2535,0,0,1031,2026-07-23 23:38:47
475280,6,ACE 8월만기자동연장회사채AA-이상액티브,10695,3,0,0.0,10701.0,0.6591,0,0,1030,2026-07-23 23:38:47
0007N0,1,아이엠에셋 200,114070,3,0,0.0,113835.0,12.2953,0,0,1027,2026-07-23 23:38:47
461500,6,HANARO 종합채권(AA-이상)액티브,104330,3,0,0.0,104371.0,-3.7791,0,0,1025,2026-07-23 23:38:47
465780,6,마이티 26-09 특수채(AAA)액티브,106085,3,0,0.0,106097.0,0.6405,0,0,1022,2026-07-23 23:38:47
476850,1,KoAct 배당성장액티브,22370,3,0,0.0,22431.0,6.8834,0,0,1018,2026-07-23 23:38:47
468380,6,KODEX iShares미국하이일드액티브,11655,3,0,0.0,11651.0,0.8243,0,0,1016,2026-07-23 23:38:47
479620,4,SOL 미국AI반도체칩메이커,28580,3,0,0.0,28469.0,41.4174,0,0,1015,2026-07-23 23:38:47
0162L0,4,KODEX 차이나AI반도체TOP10,15525,3,0,0.0,15596.0,35.314,0,0,1009,2026-07-23 23:38:47
298770,4,KODEX 한국대만IT프리미어,83690,3,0,0.0,83688.0,21.7947,0,0,1004,2026-07-23 23:38:47
308620,6,KODEX 미국10년국채선물,12235,3,0,0.0,12263.0,-1.4343,0,0,1003,2026-07-23 23:38:47
114100,6,RISE 국고채3년,106015,3,0,0.0,106008.0,-0.647,0,0,986,2026-07-23 23:38:47
195980,4,PLUS 신흥국MSCI(합성 H),15025,3,0,0.0,15083.0,2.8899,0,0,986,2026-07-23 23:38:47
0138Y0,7,PLUS 금채권혼합,9785,3,0,0.0,9799.0,-7.1463,0,0,974,2026-07-23 23:38:47
203780,4,TIGER 미국나스닥바이오,34480,3,0,0.0,34489.0,7.619,0,0,972,2026-07-23 23:38:47
481430,6,RISE 국고채10년액티브,97395,3,0,0.0,97260.0,-4.2402,0,0,970,2026-07-23 23:38:47
0209D0,2,KODEX 전고체배터리ESS TOP2플러스,7690,3,0,0.0,7686.0,,0,0,969,2026-07-23 23:38:47
0177X0,2,ACE K휴머노이드로봇산업TOP2+,9375,3,0,0.0,9361.0,-23.0672,0,0,952,2026-07-23 23:38:47
486240,2,DAISHIN343 AI반도체&인프라액티브,29735,3,0,0.0,29956.0,8.426,0,0,952,2026-07-23 23:38:47
143850,4,TIGER 미국S&P500선물(H),75680,3,0,0.0,75627.0,4.6214,0,0,946,2026-07-23 23:38:47
488720,7,WON 종합채권(AA-이상)액티브,48305,3,0,0.0,48300.0,-3.6331,0,0,940,2026-07-23 23:38:47
473440,6,ACE 11월만기자동연장회사채AA-이상액티브,10800,3,0,0.0,10810.0,0.7455,0,0,940,2026-07-23 23:38:47
0137V0,4,KIWOOM 미국S&P500모멘텀,12345,3,0,0.0,12345.0,16.25,0,0,938,2026-07-23 23:38:47
485690,4,RISE 미국AI밸류체인TOP3Plus,22285,3,0,0.0,22355.0,8.0805,0,0,936,2026-07-23 23:38:47
495040,1,PLUS 코리아밸류업,33205,3,0,0.0,33372.0,14.0769,0,0,930,2026-07-23 23:38:47
0142D0,4,TIGER 미국AI데이터센터TOP4Plus,10965,3,0,0.0,10772.0,-9.7104,0,0,927,2026-07-23 23:38:47
269540,4,PLUS 미국S&P500(H),29675,3,0,0.0,29727.0,5.7183,0,0,920,2026-07-23 23:38:47
433970,7,KODEX TDF2030액티브 적격,14250,3,0,0.0,14246.0,1.9252,0,0,919,2026-07-23 23:38:47
211900,2,KODEX 코리아배당성장,28675,3,0,0.0,28843.0,-7.482,0,0,918,2026-07-23 23:38:47
329670,7,KODEX TRF7030,22560,3,0,0.0,22602.0,2.5409,0,0,902,2026-07-23 23:38:47
460960,7,ACE 글로벌인컴TOP10,11745,3,0,0.0,11724.0,1.4165,0,0,898,2026-07-23 23:38:47
444490,4,WON 미국S&P500,20875,3,0,0.0,20949.0,5.8793,0,0,887,2026-07-23 23:38:47
0052T0,6,1Q 중단기회사채(A-이상)액티브,50500,3,0,0.0,50493.0,0.4077,0,0,876,2026-07-23 23:38:47
108450,2,ACE 삼성그룹섹터가중,39795,3,0,0.0,39897.0,4.6268,0,0,875,2026-07-23 23:38:47
0194T0,2,ACE SK하이닉스단일종목레버리지,13065,3,0,0.0,13181.0,,0,0,875,2026-07-23 23:38:47
453080,4,KIWOOM 미국나스닥100(H),22580,3,0,0.0,22614.0,8.0116,0,0,858,2026-07-23 23:38:47
130730,6,KIWOOM 단기자금,102730,3,0,0.0,102729.0,0.5927,0,0,855,2026-07-23 23:38:47
329660,7,KODEX TRF5050,18115,3,0,0.0,18168.0,0.9905,0,0,851,2026-07-23 23:38:47
469060,4,RISE 미국반도체NYSE,39270,3,0,0.0,39203.0,27.3475,0,0,844,2026-07-23 23:38:47
486830,6,HANARO 머니마켓액티브,53085,3,0,0.0,53091.0,0.7306,0,0,843,2026-07-23 23:38:47
490480,2,SOL K방산,29565,3,0,0.0,29661.0,-34.7932,0,0,843,2026-07-23 23:38:47
0066W0,5,SOL 국제금,12805,3,0,0.0,12861.0,-13.3647,0,0,839,2026-07-23 23:38:47
138530,2,TIGER LG그룹플러스,11955,3,0,0.0,11972.0,-2.5678,0,0,834,2026-07-23 23:38:47
492500,7,1Q 현대차그룹채권(A+이상)&국고통안,51100,3,0,0.0,51085.0,-0.049,0,0,829,2026-07-23 23:38:47
337140,2,KODEX 코스피대형주,37610,3,0,0.0,37819.0,9.7889,0,0,827,2026-07-23 23:38:47
495750,1,HANARO 코리아밸류업,33705,3,0,0.0,33645.0,13.7232,0,0,826,2026-07-23 23:38:47
461460,6,PLUS 국고채10년액티브,50900,3,0,0.0,50853.0,-4.3667,0,0,826,2026-07-23 23:38:47
0017Y0,6,1Q 종합채권(AA-이상)액티브,93325,3,0,0.0,93323.0,-4.0478,0,0,825,2026-07-23 23:38:47
453330,4,RISE 미국S&P500(H),17740,3,0,0.0,17764.0,5.6173,0,0,816,2026-07-23 23:38:47
0049M0,4,ACE 미국배당퀄리티+커버드콜액티브,11795,3,0,0.0,11785.0,2.1845,0,0,814,2026-07-23 23:38:47
438560,6,SOL 국고채3년,99800,3,0,0.0,99828.0,-0.5379,0,0,806,2026-07-23 23:38:47
0057H0,7,PLUS 미국S&P500미국채혼합50액티브,12210,3,0,0.0,12217.0,3.3873,0,0,806,2026-07-23 23:38:47
157490,2,TIGER 소프트웨어,8500,3,0,0.0,8506.0,-15.3302,0,0,796,2026-07-23 23:38:47
434960,1,DAISHIN343 K200,113575,3,0,0.0,114106.0,11.6157,0,0,795,2026-07-23 23:38:47
292190,1,KODEX KRX300,49570,3,0,0.0,49867.0,8.6635,0,0,793,2026-07-23 23:38:47
176950,6,KODEX 국채선물10년인버스,60820,3,0,0.0,60836.0,5.5999,0,0,792,2026-07-23 23:38:47
228810,2,TIGER 미디어컨텐츠,3325,3,0,0.0,3328.0,-34.3114,0,0,790,2026-07-23 23:38:47
365040,1,TIGER AI코리아그로스액티브,37450,3,0,0.0,37308.0,8.6468,0,0,786,2026-07-23 23:38:47
295020,6,RISE 국채선물10년인버스,60980,3,0,0.0,61033.0,5.6175,0,0,785,2026-07-23 23:38:47
0018C0,2,PLUS 고배당주위클리고정커버드콜,10950,3,0,0.0,10973.0,-14.3252,0,0,783,2026-07-23 23:38:47
0098N0,2,PLUS 자사주매입고배당주,12840,3,0,0.0,12876.0,-3.3224,0,0,777,2026-07-23 23:38:47
0113D0,4,TIME 글로벌탑픽액티브,12425,3,0,0.0,12431.0,4.6705,0,0,777,2026-07-23 23:38:47
364960,2,TIGER BBIG,6335,3,0,0.0,6327.0,-25.2087,0,0,773,2026-07-23 23:38:47
458030,6,WON 국공채머니마켓액티브,54875,3,0,0.0,54871.0,0.6606,0,0,773,2026-07-23 23:38:47
441540,2,HANARO Fn조선해운,28000,3,0,0.0,28143.0,-25.8507,0,0,770,2026-07-23 23:38:47
210780,2,TIGER 코스피고배당,23190,3,0,0.0,23280.0,-12.263,0,0,765,2026-07-23 23:38:47
211560,2,TIGER 배당성장,35920,3,0,0.0,36129.0,-6.8427,0,0,765,2026-07-23 23:38:47
0192L0,2,RISE SK하이닉스단일종목레버리지,13110,3,0,0.0,13300.0,,0,0,760,2026-07-23 23:38:47
412770,4,TIGER 글로벌AI플랫폼액티브,13175,3,0,0.0,13235.0,3.4428,0,0,755,2026-07-23 23:38:47
272910,6,ACE 중장기국공채액티브,105350,3,0,0.0,105417.0,-1.1766,0,0,754,2026-07-23 23:38:47
0190Y0,4,TIGER 구글밸류체인,9440,3,0,0.0,9460.0,,0,0,746,2026-07-23 23:38:47
0197W0,2,SOL SK하이닉스단일종목레버리지,12965,3,0,0.0,13047.0,,0,0,739,2026-07-23 23:38:47
359210,1,KODEX 코스피TR,36595,3,0,0.0,36796.0,6.4399,0,0,732,2026-07-23 23:38:47
0098Z0,1,FOCUS 200,97110,3,0,0.0,96729.0,12.6573,0,0,728,2026-07-23 23:38:47
0080X0,7,SOL 미국S&P500미국채혼합50,11535,3,0,0.0,11531.0,2.3539,0,0,727,2026-07-23 23:38:47
0194M0,2,ACE 삼성전자단일종목레버리지,13565,3,0,0.0,13579.0,,0,0,726,2026-07-23 23:38:47
277640,2,TIGER 코스피대형주,39215,3,0,0.0,39076.0,9.7071,0,0,725,2026-07-23 23:38:47
475310,2,SOL 반도체후공정,25675,3,0,0.0,25565.0,-26.3242,0,0,719,2026-07-23 23:38:47
306950,3,KODEX KRX300레버리지,89775,3,0,0.0,91001.0,3.9011,0,0,718,2026-07-23 23:38:47
252400,3,RISE 200선물레버리지,119610,3,0,0.0,119778.0,9.5582,0,0,718,2026-07-23 23:38:47
453950,4,TIGER TSMC파운드리밸류체인,36275,3,0,0.0,36406.0,14.1404,0,0,707,2026-07-23 23:38:47
475350,4,RISE 버크셔포트폴리오TOP10,15475,3,0,0.0,15465.0,9.2599,0,0,696,2026-07-23 23:38:47
0022T0,4,SOL 국제금커버드콜액티브,13285,3,0,0.0,13332.0,-12.5071,0,0,691,2026-07-23 23:38:47
0115E0,2,KODEX 코리아소버린AI,14240,3,0,0.0,14256.0,-10.3461,0,0,691,2026-07-23 23:38:47
440640,6,ACE 단기채권알파액티브,112270,3,0,0.0,112268.0,0.7132,0,0,688,2026-07-23 23:38:47
0008T0,2,SOL 화장품TOP3플러스,14635,3,0,0.0,14599.0,-15.7485,0,0,688,2026-07-23 23:38:47
458750,4,TIGER 미국배당다우존스타겟커버드콜1호,13350,3,0,0.0,13382.0,6.3254,0,0,681,2026-07-23 23:38:47
491700,1,HK 200,112820,3,0,0.0,114035.0,13.1707,0,0,677,2026-07-23 23:38:47
0040S0,4,HANARO 글로벌피지컬AI액티브,25475,3,0,0.0,25405.0,12.7842,0,0,675,2026-07-23 23:38:47
0000D0,7,TIGER 엔비디아미국채커버드콜밸런스(합성),9815,3,0,0.0,9764.0,0.075,0,0,667,2026-07-23 23:38:47
228800,2,TIGER 여행레저,2550,3,0,0.0,2545.0,-24.6641,0,0,666,2026-07-23 23:38:47
433880,7,PLUS TDF2060액티브 적격,19275,3,0,0.0,19175.0,4.2666,0,0,661,2026-07-23 23:38:47
487130,2,KoAct AI인프라액티브,28725,3,0,0.0,28621.0,-4.6585,0,0,661,2026-07-23 23:38:47
0036D0,4,TIME 미국배당다우존스액티브,13065,3,0,0.0,13062.0,15.3536,0,0,660,2026-07-23 23:38:47
495940,4,RISE 미국AI테크액티브,21235,3,0,0.0,21197.0,15.635,0,0,658,2026-07-23 23:38:47
304780,3,HANARO 200선물레버리지,144495,3,0,0.0,145520.0,9.621,0,0,650,2026-07-23 23:38:47
0111J0,2,HANARO 증권고배당TOP3플러스,14245,3,0,0.0,14260.0,-26.3682,0,0,648,2026-07-23 23:38:47
465330,2,RISE 2차전지TOP10,10740,3,0,0.0,10762.0,-38.2953,0,0,647,2026-07-23 23:38:47
479730,4,TIGER 인도빌리언컨슈머,10390,3,0,0.0,10374.0,-0.285,0,0,644,2026-07-23 23:38:47
0089C0,4,KODEX 미국S&P500변동성확대시커버드콜,11805,3,0,0.0,11897.0,5.8407,0,0,643,2026-07-23 23:38:47
0102A0,4,TIGER 미국AI소프트웨어TOP4Plus,7490,3,0,0.0,7455.0,-4.005,0,0,640,2026-07-23 23:38:47
100910,1,KIWOOM KRX100,17770,3,0,0.0,17873.0,13.4841,0,0,640,2026-07-23 23:38:47
278620,6,PLUS 단기채권액티브,118475,3,0,0.0,118480.0,0.3345,0,0,634,2026-07-23 23:38:47
261220,5,KODEX WTI원유선물(H),24545,3,0,0.0,24675.0,3.4408,0,0,632,2026-07-23 23:38:47
266420,2,KODEX 헬스케어,15790,3,0,0.0,15764.0,-29.486,0,0,632,2026-07-23 23:38:47
0123S0,2,HANARO 26-12 은행채(AA+이상)액티브,10155,3,0,0.0,10158.0,0.6435,0,0,630,2026-07-23 23:38:47
455660,6,ACE 미국하이일드액티브(H),9480,3,0,0.0,9485.0,-0.1554,0,0,626,2026-07-23 23:38:47
419890,6,KIWOOM 단기채권ESG액티브,107065,3,0,0.0,107071.0,0.2622,0,0,621,2026-07-23 23:38:47
476750,6,ACE 미국30년국채엔화노출액티브(H),7845,3,0,0.0,7845.0,-5.3353,0,0,620,2026-07-23 23:38:47
261240,7,KODEX 미국달러선물,15105,3,0,0.0,15126.0,1.0271,0,0,616,2026-07-23 23:38:47
453640,4,KODEX 미국S&P500헬스케어,14155,3,0,0.0,14207.0,9.515,0,0,609,2026-07-23 23:38:47
123310,3,TIGER 인버스,1194,3,0,0.0,1194.0,-20.0257,0,0,608,2026-07-23 23:38:47
0166S0,2,PLUS K제조업핵심기업액티브,11345,3,0,0.0,11326.0,-5.2072,0,0,607,2026-07-23 23:38:47
491220,1,PLUS 200TR,133895,3,0,0.0,134365.0,12.5533,0,0,603,2026-07-23 23:38:47
476260,2,HANARO 반도체핵심공정주도주,13305,3,0,0.0,13320.0,-7.8466,0,0,599,2026-07-23 23:38:47
253150,3,PLUS 200선물레버리지,238610,3,0,0.0,238954.0,9.864,0,0,597,2026-07-23 23:38:47
428510,4,KODEX 차이나AI테크액티브,25900,3,0,0.0,25910.0,10.6288,0,0,596,2026-07-23 23:38:47
440910,4,WON 미국우주항공방산,26360,3,0,0.0,26484.0,-0.4094,0,0,593,2026-07-23 23:38:47
480310,4,TIGER 글로벌온디바이스AI,21085,3,0,0.0,21220.0,31.0484,0,0,590,2026-07-23 23:38:47
473640,4,HANARO 글로벌금채굴기업,29445,3,0,0.0,29512.0,-20.175,0,0,589,2026-07-23 23:38:47
275980,4,TIGER 글로벌4차산업혁신기술(합성 H),22815,3,0,0.0,23042.0,2.6684,0,0,589,2026-07-23 23:38:47
455960,6,RISE 미국달러SOFR금리액티브(합성),12810,3,0,0.0,12808.0,1.5324,0,0,587,2026-07-23 23:38:47
0141S0,2,SOL 조선기자재,9190,3,0,0.0,9164.0,-37.672,0,0,584,2026-07-23 23:38:47
152500,3,ACE 레버리지,52780,3,0,0.0,52883.0,9.2617,0,0,581,2026-07-23 23:38:47
0185L0,4,TIME 글로벌휴머노이드로봇산업액티브,8090,3,0,0.0,8123.0,,0,0,574,2026-07-23 23:38:47
298340,6,PLUS 국채선물3년,56125,3,0,0.0,56091.0,-0.4437,0,0,572,2026-07-23 23:38:47
401470,2,KODEX 메타버스액티브,9540,3,0,0.0,9582.0,-2.6621,0,0,572,2026-07-23 23:38:47
225040,4,TIGER 미국S&P500레버리지(합성 H),64595,3,0,0.0,64839.0,9.3892,0,0,568,2026-07-23 23:38:47
0181L0,4,SOL 미국우주항공TOP10,7085,3,0,0.0,7092.0,-25.784,0,0,567,2026-07-23 23:38:47
385590,2,ACE ESG액티브,24505,3,0,0.0,24472.0,15.6905,0,0,564,2026-07-23 23:38:47
445150,2,KODEX 친환경조선해운액티브,29420,3,0,0.0,29586.0,-30.1324,0,0,559,2026-07-23 23:38:47
0118Z0,4,ACE 미국AI테크핵심산업액티브,9030,3,0,0.0,9045.0,-4.7521,0,0,555,2026-07-23 23:38:47
0210E0,2,PLUS 200커버드콜액티브,8040,3,0,0.0,8022.0,,0,0,555,2026-07-23 23:38:47
360140,2,KODEX 200롱코스닥150숏선물,25080,3,0,0.0,25030.0,71.4617,0,0,552,2026-07-23 23:38:47
0172V0,5,1Q 은액티브,8220,3,0,0.0,8264.0,-24.2091,0,0,551,2026-07-23 23:38:47
114470,6,KIWOOM 국고채3년,107360,3,0,0.0,107365.0,-0.5797,0,0,548,2026-07-23 23:38:47
150460,2,TIGER 중국소비테마,7105,3,0,0.0,7116.0,-12.5463,0,0,546,2026-07-23 23:38:47
0046Y0,4,ACE 미국배당퀄리티,12970,3,0,0.0,12972.0,2.3392,0,0,545,2026-07-23 23:38:47
275300,2,KODEX 우량주,31295,3,0,0.0,31369.0,16.785,0,0,532,2026-07-23 23:38:47
0113P0,6,HK 머니마켓액티브,102070,3,0,0.0,102075.0,0.7056,0,0,529,2026-07-23 23:38:47
0118S0,4,SOL 미국넥스트테크TOP10액티브,11220,3,0,0.0,11136.0,-5.1982,0,0,527,2026-07-23 23:38:47
278240,3,RISE 코스닥150선물레버리지,7565,3,0,0.0,7576.0,-64.7216,0,0,525,2026-07-23 23:38:47
0193L0,2,PLUS 삼성전자선물단일종목인버스2X,15045,3,0,0.0,14946.0,,0,0,524,2026-07-23 23:38:47
0139P0,2,ACE 고배당주,13680,3,0,0.0,13727.0,-5.2743,0,0,520,2026-07-23 23:38:47
256750,4,KODEX 차이나심천ChiNext(합성),16990,3,0,0.0,17109.0,-4.2595,0,0,520,2026-07-23 23:38:47
261070,2,TIGER 코스닥150바이오테크,11415,3,0,0.0,11431.0,-41.3841,0,0,518,2026-07-23 23:38:47
282000,3,RISE 국고채3년선물인버스,114930,3,0,0.0,114940.0,1.4611,0,0,517,2026-07-23 23:38:47
200030,4,KODEX 미국S&P500산업재(합성),45180,3,0,0.0,45396.0,3.5929,0,0,510,2026-07-23 23:38:47
442260,1,마이티 다이나믹퀀트액티브,39775,3,0,0.0,39672.0,14.3599,0,0,509,2026-07-23 23:38:47
475260,6,ACE 2월만기자동연장회사채AA-이상액티브,10695,3,0,0.0,10704.0,0.5164,0,0,504,2026-07-23 23:38:47
101280,4,KODEX 일본TOPIX100,31060,3,0,0.0,31164.0,6.2881,0,0,503,2026-07-23 23:38:47
0132H0,4,KODEX 미국원자력SMR,8820,3,0,0.0,8774.0,-21.4709,0,0,503,2026-07-23 23:38:47
140950,1,파워 코스피100,89335,3,0,0.0,89382.0,13.7388,0,0,500,2026-07-23 23:38:47
0192M0,2,RISE 삼성전자단일종목레버리지,13475,3,0,0.0,13661.0,,0,0,499,2026-07-23 23:38:47
218420,4,KODEX 미국S&P500에너지(합성),20330,3,0,0.0,20296.0,7.06,0,0,497,2026-07-23 23:38:47
461340,4,HANARO 글로벌생성형AI액티브,44645,3,0,0.0,44631.0,17.234,0,0,491,2026-07-23 23:38:47
442560,7,RISE TDF2040액티브 적격,16880,3,0,0.0,16772.0,4.6072,0,0,490,2026-07-23 23:38:47
473490,4,KIWOOM 글로벌AI반도체,33680,3,0,0.0,33620.0,24.9961,0,0,488,2026-07-23 23:38:47
0020H0,4,KoAct 글로벌양자컴퓨팅액티브,23130,3,0,0.0,23018.0,4.6427,0,0,486,2026-07-23 23:38:47
0086B0,2,TIGER 리츠부동산인프라TOP10액티브,9430,3,0,0.0,9463.0,-18.5115,0,0,486,2026-07-23 23:38:47
371470,4,TIGER 차이나바이오테크SOLACTIVE,8690,3,0,0.0,8690.0,-1.4109,0,0,483,2026-07-23 23:38:47
287180,4,PLUS 미국나스닥테크,56760,3,0,0.0,57008.0,21.9667,0,0,482,2026-07-23 23:38:47
0000Z0,2,RISE 바이오TOP10액티브,8770,3,0,0.0,8800.0,-44.8184,0,0,482,2026-07-23 23:38:47
447430,2,ACE 주주환원가치주액티브,16325,3,0,0.0,16312.0,-12.1721,0,0,482,2026-07-23 23:38:47
140700,2,KODEX 보험,19205,3,0,0.0,19320.0,20.4991,0,0,480,2026-07-23 23:38:47
253250,3,KIWOOM 200선물레버리지,116795,3,0,0.0,116992.0,9.0858,0,0,479,2026-07-23 23:38:47
472830,6,RISE 미국30년국채커버드콜(합성),8615,3,0,0.0,8632.0,-2.2837,0,0,478,2026-07-23 23:38:47
336160,6,RISE 금융채액티브,100070,3,0,0.0,100056.0,-0.5099,0,0,474,2026-07-23 23:38:47
276990,4,KODEX 글로벌로봇(합성),26730,3,0,0.0,26847.0,-1.1276,0,0,473,2026-07-23 23:38:47
401170,2,RISE 메타버스,11685,3,0,0.0,11638.0,15.7937,0,0,465,2026-07-23 23:38:47
494840,4,TIGER 미국방산TOP10,13260,3,0,0.0,13311.0,-5.96,0,0,464,2026-07-23 23:38:47
0178H0,7,IBK 미국AI TOP10국채혼합50,9930,3,0,0.0,9883.0,,0,0,462,2026-07-23 23:38:47
375770,2,KODEX 탄소효율그린뉴딜,25300,3,0,0.0,25443.0,8.1843,0,0,455,2026-07-23 23:38:47
0041D0,4,KODEX 미국AI소프트웨어TOP10,11945,3,0,0.0,11876.0,-2.2499,0,0,454,2026-07-23 23:38:47
453650,4,KODEX 미국S&P500금융,20125,3,0,0.0,20201.0,6.9287,0,0,453,2026-07-23 23:38:47
442090,2,에셋플러스 코리아대장장이액티브,29990,3,0,0.0,30179.0,-8.1029,0,0,450,2026-07-23 23:38:47
456680,4,TIGER 차이나전기차레버리지(합성),7540,3,0,0.0,7593.0,-39.9332,0,0,447,2026-07-23 23:38:47
475270,6,ACE 5월만기자동연장회사채AA-이상액티브,10680,3,0,0.0,10690.0,0.4703,0,0,445,2026-07-23 23:38:47
452250,6,ACE 미국30년국채선물레버리지(합성 H),4850,3,0,0.0,4867.0,-7.3474,0,0,444,2026-07-23 23:38:47
305050,1,ACE 코스피,73940,3,0,0.0,73663.0,6.2639,0,0,444,2026-07-23 23:38:47
440650,6,ACE 미국달러단기채권액티브,12260,3,0,0.0,12253.0,0.8975,0,0,441,2026-07-23 23:38:47
196030,4,ACE 일본TOPIX레버리지(H),87835,3,0,0.0,88527.0,13.6126,0,0,439,2026-07-23 23:38:47
238720,4,ACE 일본Nikkei225(H),48395,3,0,0.0,48319.0,12.046,0,0,436,2026-07-23 23:38:47
0007G0,4,PLUS 글로벌원자력밸류체인,14225,3,0,0.0,14179.0,-18.5717,0,0,434,2026-07-23 23:38:47
418670,4,TIGER 글로벌AI사이버보안,16855,3,0,0.0,17013.0,41.6464,0,0,431,2026-07-23 23:38:47
429760,4,PLUS 미국S&P500,20290,3,0,0.0,20365.0,6.0249,0,0,426,2026-07-23 23:38:47
0220B0,1,DS 코스닥액티브,10500,3,0,0.0,10512.0,,0,0,425,2026-07-23 23:38:47
464470,6,PLUS 미국채30년액티브,51485,3,0,0.0,51644.0,-2.6766,0,0,424,2026-07-23 23:38:47
0100K0,2,KODEX 방산TOP10레버리지,7565,3,0,0.0,7631.0,-61.9506,0,0,424,2026-07-23 23:38:47
472840,1,IBK 200,111925,3,0,0.0,112704.0,12.5698,0,0,420,2026-07-23 23:38:47
473590,4,ACE 미국주식베스트셀러,19020,3,0,0.0,18956.0,-8.1827,0,0,418,2026-07-23 23:38:47
0191M0,6,마이티 5월만기자동연장특수채(AAA)액티브,100395,3,0,0.0,100409.0,,0,0,416,2026-07-23 23:38:47
448570,1,FOCUS AI코리아액티브,30785,3,0,0.0,30939.0,6.3473,0,0,416,2026-07-23 23:38:47
491830,4,TIGER 미국AI반도체팹리스,23720,3,0,0.0,23588.0,28.4968,0,0,415,2026-07-23 23:38:47
475070,4,KoAct 글로벌친환경전력인프라액티브,32890,3,0,0.0,33001.0,-10.1493,0,0,411,2026-07-23 23:38:47
322410,2,HANARO K고배당,22655,3,0,0.0,22616.0,-7.4162,0,0,408,2026-07-23 23:38:47
147970,2,TIGER 모멘텀,84820,3,0,0.0,84185.0,-5.5823,0,0,407,2026-07-23 23:38:47
183700,7,RISE 200채권혼합50,96930,3,0,0.0,97392.0,5.8048,0,0,407,2026-07-23 23:38:47
400970,2,TIGER Fn메타버스,7875,3,0,0.0,7894.0,-13.4533,0,0,406,2026-07-23 23:38:47
316670,1,KIWOOM 코스닥150,6670,3,0,0.0,6683.0,-36.9032,0,0,406,2026-07-23 23:38:47
139280,2,TIGER 경기방어,12105,3,0,0.0,12174.0,-13.8109,0,0,404,2026-07-23 23:38:47
0189B0,5,TIGER 은액티브,7875,3,0,0.0,7900.0,,0,0,402,2026-07-23 23:38:47
275280,2,KODEX 모멘텀주,44595,3,0,0.0,44430.0,14.1893,0,0,401,2026-07-23 23:38:47
449690,4,TIGER 한중반도체(합성),53340,3,0,0.0,53761.0,32.5811,0,0,400,2026-07-23 23:38:47
437070,6,KODEX 아시아달러채권ESG플러스액티브,63235,3,0,0.0,63286.0,-0.3195,0,0,400,2026-07-23 23:38:47
0193G0,1,KoAct 코스피액티브,8840,3,0,0.0,8850.0,,0,0,398,2026-07-23 23:38:47
352540,7,KODEX 일본부동산리츠(H),11690,3,0,0.0,11721.0,-1.6652,0,0,397,2026-07-23 23:38:47
261120,7,TIGER 미국달러선물인버스2X,4715,3,0,0.0,4695.0,-0.9626,0,0,396,2026-07-23 23:38:47
139320,5,TIGER 금은선물(H),17265,3,0,0.0,17361.0,-15.5447,0,0,388,2026-07-23 23:38:47
459560,4,KODEX 테슬라밸류체인FactSet,24170,3,0,0.0,24437.0,8.3802,0,0,387,2026-07-23 23:38:47
365000,2,TIGER 인터넷TOP10,3850,3,0,0.0,3841.0,-28.0172,0,0,385,2026-07-23 23:38:47
498860,2,RISE 코리아금융고배당,17500,3,0,0.0,17565.0,-16.1562,0,0,385,2026-07-23 23:38:47
465660,4,TIGER 일본반도체FACTSET,28360,3,0,0.0,28422.0,18.5495,0,0,383,2026-07-23 23:38:47
0141T0,6,SOL 중기종합채권(AA-이상)액티브,50010,3,0,0.0,49986.0,-0.3489,0,0,380,2026-07-23 23:38:47
195930,4,TIGER 유로스탁스50(합성 H),23270,3,0,0.0,23259.0,7.1925,0,0,372,2026-07-23 23:38:47
468630,6,KODEX iShares미국투자등급회사채액티브,11590,3,0,0.0,11587.0,-1.5719,0,0,372,2026-07-23 23:38:47
0154F0,2,WON 초대형IB&금융지주,12605,3,0,0.0,12657.0,-13.9188,0,0,372,2026-07-23 23:38:47
153270,1,KIWOOM 코스피100,87895,3,0,0.0,87825.0,14.3658,0,0,369,2026-07-23 23:38:47
474800,4,KIWOOM 미국원유에너지기업,16000,3,0,0.0,16004.0,5.5726,0,0,368,2026-07-23 23:38:47
352560,7,KODEX 미국부동산리츠(H),12655,3,0,0.0,12612.0,3.4575,0,0,367,2026-07-23 23:38:47
292770,6,KODEX 국채선물3년인버스,57795,3,0,0.0,57831.0,1.5284,0,0,364,2026-07-23 23:38:47
0112X0,1,마이티 200TR,42705,3,0,0.0,42520.0,12.1506,0,0,363,2026-07-23 23:38:47
465350,3,RISE 2차전지TOP10인버스(합성),18145,3,0,0.0,18145.0,43.968,0,0,363,2026-07-23 23:38:47
276970,4,KODEX 미국S&P500배당귀족커버드콜(합성 H),7710,3,0,0.0,7744.0,1.1037,0,0,362,2026-07-23 23:38:47
104530,2,KIWOOM 코리아고배당,17630,3,0,0.0,17675.0,-17.4551,0,0,361,2026-07-23 23:38:47
322400,2,HANARO e커머스,10610,3,0,0.0,10683.0,-15.4284,0,0,361,2026-07-23 23:38:47
174360,4,RISE 중국본토대형주CSI100,25750,3,0,0.0,25873.0,0.7432,0,0,361,2026-07-23 23:38:47
138910,5,KODEX 구리선물(H),9980,3,0,0.0,9982.0,5.2854,0,0,359,2026-07-23 23:38:47
476690,4,TIGER 글로벌비만치료제TOP2Plus,11180,3,0,0.0,11209.0,14.2976,0,0,358,2026-07-23 23:38:47
407830,4,에셋플러스 글로벌플랫폼액티브,14880,3,0,0.0,14970.0,-0.1643,0,0,357,2026-07-23 23:38:47
105780,2,RISE 5대그룹주,17635,3,0,0.0,17701.0,12.535,0,0,353,2026-07-23 23:38:47
292560,7,TIGER 일본엔선물,8340,3,0,0.0,8324.0,-1.8119,0,0,350,2026-07-23 23:38:47
099140,4,KODEX 차이나H,22570,3,0,0.0,22690.0,-5.1887,0,0,350,2026-07-23 23:38:47
256440,4,ACE MSCI인도네시아(합성),5710,3,0,0.0,5712.0,-21.3599,0,0,348,2026-07-23 23:38:47
380340,2,ACE 코리아AI테크핵심산업,28990,3,0,0.0,28877.0,12.6767,0,0,348,2026-07-23 23:38:47
241390,7,RISE V&S셀렉트밸류채권혼합,15665,3,0,0.0,15797.0,-3.4229,0,0,345,2026-07-23 23:38:47
385520,2,KODEX 자율주행액티브,16400,3,0,0.0,16423.0,-10.5449,0,0,344,2026-07-23 23:38:47
271060,5,KODEX 3대농산물선물(H),8555,3,0,0.0,8582.0,0.4186,0,0,344,2026-07-23 23:38:47
494340,4,ACE 글로벌AI맞춤형반도체,21470,3,0,0.0,21348.0,18.0112,0,0,344,2026-07-23 23:38:47
0085N0,6,ACE 미국10년국채액티브(H),9795,3,0,0.0,9793.0,-1.4533,0,0,343,2026-07-23 23:38:47
139270,2,TIGER 200 금융,17105,3,0,0.0,17081.0,0.4349,0,0,342,2026-07-23 23:38:47
0089B0,7,PLUS 미국나스닥100미국채혼합50,11785,3,0,0.0,11820.0,5.0663,0,0,342,2026-07-23 23:38:47
276650,4,RISE 글로벌테크놀로지(합성 H),45430,3,0,0.0,45550.0,10.8767,0,0,341,2026-07-23 23:38:47
491090,4,KODEX 미국테크TOP3플러스,18310,3,0,0.0,18481.0,8.0686,0,0,339,2026-07-23 23:38:47
469050,4,RISE 미국반도체NYSE(H),33625,3,0,0.0,33530.0,26.7795,0,0,336,2026-07-23 23:38:47
464920,4,PLUS 일본반도체소부장,26840,3,0,0.0,26897.0,10.7936,0,0,336,2026-07-23 23:38:47
415340,4,KODEX 차이나과창판STAR50(합성),16200,3,0,0.0,16337.0,30.3865,0,0,335,2026-07-23 23:38:47
0198D0,2,1Q SK하이닉스선물단일종목레버리지,13590,3,0,0.0,13756.0,,0,0,334,2026-07-23 23:38:47
415920,5,PLUS 글로벌희토류&전략자원생산기업,7100,3,0,0.0,7122.0,-31.0026,0,0,334,2026-07-23 23:38:47
0186S0,7,1Q 코스닥150채권혼합50액티브,8120,3,0,0.0,8149.0,,0,0,333,2026-07-23 23:38:47
122260,6,KIWOOM 통안채1년,103850,3,0,0.0,103855.0,0.4789,0,0,332,2026-07-23 23:38:47
395290,2,HANARO Fn K-POP&미디어,5310,3,0,0.0,5307.0,-28.8435,0,0,332,2026-07-23 23:38:47
395170,2,KODEX Top10동일가중,16550,3,0,0.0,16565.0,-5.0836,0,0,331,2026-07-23 23:38:47
449780,4,KIWOOM 미국S&P500(H),18335,3,0,0.0,18349.0,5.2558,0,0,330,2026-07-23 23:38:47
261140,2,TIGER 우선주,24560,3,0,0.0,24682.0,-6.9264,0,0,329,2026-07-23 23:38:47
245350,4,TIGER 유로스탁스배당30,20460,3,0,0.0,20535.0,3.1524,0,0,327,2026-07-23 23:38:47
0204S0,1,TIGER 코스닥액티브,6805,3,0,0.0,6798.0,,0,0,327,2026-07-23 23:38:47
459750,4,RISE 글로벌주식분산액티브,18700,3,0,0.0,18594.0,5.7046,0,0,327,2026-07-23 23:38:47
266360,2,KODEX K콘텐츠,10210,3,0,0.0,10281.0,-19.9376,0,0,327,2026-07-23 23:38:47
156080,1,KODEX MSCI Korea,54195,3,0,0.0,54008.0,14.4687,0,0,325,2026-07-23 23:38:47
450910,1,SOL 코스닥150,13085,3,0,0.0,13114.0,-37.0524,0,0,325,2026-07-23 23:38:47
494410,4,PLUS 미국S&P500성장주,14710,3,0,0.0,14776.0,7.1989,0,0,324,2026-07-23 23:38:47
450190,4,KODEX 한중반도체(합성),53820,3,0,0.0,54193.0,30.7951,0,0,323,2026-07-23 23:38:47
275290,2,KODEX 가치주,35770,3,0,0.0,35854.0,19.8729,0,0,322,2026-07-23 23:38:47
496770,4,PLUS 글로벌방산,17790,3,0,0.0,17906.0,-7.0006,0,0,320,2026-07-23 23:38:47
0138T0,4,RISE 미국S&P500데일리고정커버드콜,9970,3,0,0.0,10009.0,5.829,0,0,319,2026-07-23 23:38:47
387270,4,TIGER 글로벌이노베이션액티브,26325,3,0,0.0,26456.0,7.7161,0,0,319,2026-07-23 23:38:47
476070,4,KODEX 글로벌비만치료제TOP2 Plus,11530,3,0,0.0,11619.0,13.4774,0,0,317,2026-07-23 23:38:47
0198A0,2,KIWOOM 코스닥150커버드콜액티브,8910,3,0,0.0,8913.0,,0,0,316,2026-07-23 23:38:47
0107F0,4,KIWOOM 미국고배당&AI테크,12335,3,0,0.0,12404.0,8.623,0,0,315,2026-07-23 23:38:47
446690,4,KODEX 아시아AI반도체exChina액티브,62830,3,0,0.0,62945.0,14.4264,0,0,314,2026-07-23 23:38:47
469790,2,KIWOOM 코리아테크TOP10,44720,3,0,0.0,44985.0,28.07,0,0,313,2026-07-23 23:38:47
252710,3,TIGER 200선물인버스2X,99,3,0,0.0,98.0,-43.1579,0,0,311,2026-07-23 23:38:47
0164G0,4,RISE 차이나AI반도체TOP4Plus,14765,3,0,0.0,14892.0,30.8411,0,0,310,2026-07-23 23:38:47
0155M0,4,ACE 미국SMR원자력TOP10,7405,3,0,0.0,7353.0,-18.2466,0,0,307,2026-07-23 23:38:47
248270,4,TIGER S&P글로벌헬스케어(합성),26850,3,0,0.0,26645.0,8.1231,0,0,306,2026-07-23 23:38:47
426150,6,WON 대한민국국고채액티브,50730,3,0,0.0,50712.0,-6.8656,0,0,305,2026-07-23 23:38:47
145850,2,TREX 펀더멘탈 200,120925,3,0,0.0,119934.0,14.4887,0,0,302,2026-07-23 23:38:47
0203S0,7,WON 삼성전자현대차채권혼합50,8760,3,0,0.0,8784.0,,0,0,302,2026-07-23 23:38:47
0023B0,4,PLUS 미국양자컴퓨팅TOP10,15455,3,0,0.0,15454.0,-6.7292,0,0,301,2026-07-23 23:38:47
475380,7,RISE 글로벌리얼티인컴,11150,3,0,0.0,11106.0,-3.1799,0,0,301,2026-07-23 23:38:47
227540,2,TIGER 200 헬스케어,17680,3,0,0.0,17650.0,-19.5371,0,0,301,2026-07-23 23:38:47
192720,2,파워 고배당저변동성,58785,3,0,0.0,58535.0,-4.799,0,0,300,2026-07-23 23:38:47
0198B0,2,1Q 삼성전자선물단일종목레버리지,13945,3,0,0.0,14056.0,,0,0,298,2026-07-23 23:38:47
459790,4,KIWOOM 미국성장기업30액티브,21295,3,0,0.0,21299.0,5.5433,0,0,298,2026-07-23 23:38:47
0013R0,7,RISE 테슬라미국채타겟커버드콜혼합(합성),8675,3,0,0.0,8700.0,-1.3099,0,0,295,2026-07-23 23:38:47
0150K0,2,KoAct 수소전력ESS인프라액티브,10415,3,0,0.0,10393.0,-43.1875,0,0,292,2026-07-23 23:38:47
0083S0,4,1Q 미국메디컬AI,9720,3,0,0.0,9748.0,-4.7893,0,0,292,2026-07-23 23:38:47
0137W0,4,KIWOOM 미국S&P500&GOLD,10730,3,0,0.0,10776.0,4.2478,0,0,290,2026-07-23 23:38:47
0166N0,1,PLUS 코스닥150액티브,7600,3,0,0.0,7634.0,-37.4301,0,0,289,2026-07-23 23:38:47
269420,4,KODEX S&P글로벌인프라(합성),24320,3,0,0.0,24417.0,-0.8231,0,0,288,2026-07-23 23:38:47
414270,4,ACE 글로벌자율주행액티브,12790,3,0,0.0,12861.0,-4.5776,0,0,288,2026-07-23 23:38:47
419430,4,KODEX 차이나2차전지MSCI(합성),10230,3,0,0.0,10254.0,-21.6491,0,0,286,2026-07-23 23:38:47
289480,3,TIGER 200커버드콜,12445,3,0,0.0,12487.0,8.3132,0,0,286,2026-07-23 23:38:47
223190,2,KODEX 200가치저변동,28565,3,0,0.0,28427.0,3.0619,0,0,286,2026-07-23 23:38:47
0155N0,2,HANARO K휴머노이드테마TOP10,7600,3,0,0.0,7623.0,-19.9564,0,0,285,2026-07-23 23:38:47
245360,4,TIGER 차이나HSCEI,12935,3,0,0.0,13013.0,-5.2491,0,0,285,2026-07-23 23:38:47
437350,6,RISE 미국단기투자등급회사채액티브,12905,3,0,0.0,12911.0,0.1537,0,0,284,2026-07-23 23:38:47
0067V0,4,TIGER 차이나글로벌리더스TOP3+,10830,3,0,0.0,10865.0,-2.4369,0,0,282,2026-07-23 23:38:47
489290,4,WON 미국빌리어네어,15180,3,0,0.0,15242.0,-3.4668,0,0,281,2026-07-23 23:38:47
0065G0,4,KODEX 차이나테크TOP10,9670,3,0,0.0,9776.0,-4.0526,0,0,280,2026-07-23 23:38:47
0223R0,4,TIGER 미국테크NYSE100액티브,10250,3,0,0.0,10211.0,,0,0,277,2026-07-23 23:38:47
477730,4,KODEX 인도타타그룹,7780,3,0,0.0,7819.0,-8.2529,0,0,276,2026-07-23 23:38:47
261250,7,KODEX 미국달러선물레버리지,17920,3,0,0.0,17954.0,1.026,0,0,276,2026-07-23 23:38:47
0152E0,2,SOL 배당성향탑픽액티브,11240,3,0,0.0,11292.0,-8.1663,0,0,275,2026-07-23 23:38:47
0192T0,2,SOL 코스닥TOP10,6770,3,0,0.0,6760.0,,0,0,274,2026-07-23 23:38:47
440340,7,TIGER 글로벌멀티에셋TIF액티브,12720,3,0,0.0,12702.0,2.0862,0,0,273,2026-07-23 23:38:47
493420,4,SOL 미국배당다우존스2호,12985,3,0,0.0,12998.0,6.6436,0,0,273,2026-07-23 23:38:47
117460,2,KODEX 에너지화학,13890,3,0,0.0,13927.0,-27.6981,0,0,272,2026-07-23 23:38:47
0184E0,7,1Q 200채권혼합50액티브,11055,3,0,0.0,11151.0,7.3399,0,0,271,2026-07-23 23:38:47
0218J0,7,RISE 미국우주&로봇TOP2미국채혼합50,9015,3,0,0.0,9105.0,,0,0,270,2026-07-23 23:38:47
261060,2,TIGER 코스닥150IT,22500,3,0,0.0,22576.0,-23.2294,0,0,270,2026-07-23 23:38:47
0097L0,7,KIWOOM 한국고배당&미국AI테크,12965,3,0,0.0,13017.0,-1.7285,0,0,266,2026-07-23 23:38:47
461600,6,SOL 미국30년국채액티브(H),8430,3,0,0.0,8425.0,-3.0513,0,0,266,2026-07-23 23:38:47
167860,6,KIWOOM 국고채10년레버리지,90390,3,0,0.0,90399.0,-8.8771,0,0,262,2026-07-23 23:38:47
496120,1,ACE 코리아밸류업,34890,3,0,0.0,34994.0,17.6845,0,0,262,2026-07-23 23:38:47
411540,1,SOL 200 Top10,17430,3,0,0.0,17449.0,-6.4936,0,0,261,2026-07-23 23:38:47
0093D0,7,KoAct 팔란티어밸류체인액티브,18010,3,0,0.0,17981.0,14.1823,0,0,261,2026-07-23 23:38:47
483570,4,KCGI 미국S&P500 TOP10,16120,3,0,0.0,16242.0,2.1283,0,0,258,2026-07-23 23:38:47
469160,4,ACE 일본반도체,28370,3,0,0.0,28420.0,18.1855,0,0,255,2026-07-23 23:38:47
388280,2,RISE K엔터&여행레저,7655,3,0,0.0,7663.0,-7.1904,0,0,254,2026-07-23 23:38:47
292500,1,SOL KRX300,50650,3,0,0.0,50944.0,9.1915,0,0,253,2026-07-23 23:38:47
185680,4,KODEX 미국S&P바이오(합성),47580,3,0,0.0,47786.0,12.1041,0,0,253,2026-07-23 23:38:47
277540,4,ACE 아시아TOP50,33750,3,0,0.0,33676.0,12.0261,0,0,253,2026-07-23 23:38:47
0103T0,2,1Q K소버린AI,8430,3,0,0.0,8469.0,-18.3997,0,0,253,2026-07-23 23:38:47
159800,1,마이티 코스피100,90230,3,0,0.0,90194.0,14.3432,0,0,253,2026-07-23 23:38:47
0047R0,4,RISE 팔란티어고정테크100,14435,3,0,0.0,14454.0,4.9905,0,0,253,2026-07-23 23:38:47
280930,4,KODEX 미국러셀2000(H),16745,3,0,0.0,16751.0,5.5851,0,0,251,2026-07-23 23:38:47
228820,1,TIGER KTOP30,19200,3,0,0.0,19177.0,4.7196,0,0,250,2026-07-23 23:38:47
0049K0,7,ACE 미국배당퀄리티채권혼합50,11335,3,0,0.0,11319.0,0.9712,0,0,249,2026-07-23 23:38:47
0115C0,4,RISE 미국고배당다우존스TOP10,11305,3,0,0.0,11329.0,2.8,0,0,249,2026-07-23 23:38:47
292160,1,TIGER KRX300,49725,3,0,0.0,50013.0,9.0598,0,0,249,2026-07-23 23:38:47
289250,2,TIGER MSCI KOREA ESG유니버설,36015,3,0,0.0,36165.0,19.338,0,0,249,2026-07-23 23:38:47
138230,7,KIWOOM 미국달러선물,17135,3,0,0.0,17155.0,0.9654,0,0,248,2026-07-23 23:38:47
139250,2,TIGER 200 에너지화학,18380,3,0,0.0,18288.0,-12.6688,0,0,246,2026-07-23 23:38:47
0206G0,7,1Q 현대차기아채권혼합50,8615,3,0,0.0,8653.0,,0,0,246,2026-07-23 23:38:47
479850,2,HANARO K-뷰티,16260,3,0,0.0,16268.0,-10.051,0,0,244,2026-07-23 23:38:47
300950,2,KODEX 게임산업,5530,3,0,0.0,5561.0,-23.2425,0,0,243,2026-07-23 23:38:47
0186L0,4,KoAct 미국로봇피지컬AI액티브,10325,3,0,0.0,10343.0,,0,0,243,2026-07-23 23:38:47
364690,1,KODEX 혁신기술테마액티브,40385,3,0,0.0,40735.0,8.589,0,0,242,2026-07-23 23:38:47
368190,2,HANARO Fn K-뉴딜디지털플러스,7560,3,0,0.0,7531.0,-26.4767,0,0,242,2026-07-23 23:38:47
438320,4,TIGER 차이나항셍테크레버리지(합성 H),5485,3,0,0.0,5531.0,-16.4214,0,0,241,2026-07-23 23:38:47
204450,4,KODEX 차이나H레버리지(H),2270,3,0,0.0,2292.0,-14.7793,0,0,241,2026-07-23 23:38:47
0209Z0,2,ACE 코리아AI전력TOP10,7430,3,0,0.0,7452.0,,0,0,238,2026-07-23 23:38:47
433220,4,에셋플러스 글로벌대장장이액티브,31850,3,0,0.0,31902.0,-0.8028,0,0,236,2026-07-23 23:38:47
195970,4,PLUS 선진국MSCI(합성 H),16140,3,0,0.0,16215.0,2.3499,0,0,236,2026-07-23 23:38:47
457690,6,KODEX 33-06 국고채액티브,10410,3,0,0.0,10408.0,-2.8945,0,0,234,2026-07-23 23:38:47
367740,2,HANARO Fn5G산업,42545,3,0,0.0,42395.0,6.8417,0,0,234,2026-07-23 23:38:47
463300,4,RISE 중국본토CSI300,14390,3,0,0.0,14525.0,2.0796,0,0,230,2026-07-23 23:38:47
229720,1,KODEX KTOP30,38175,3,0,0.0,38039.0,4.2484,0,0,229,2026-07-23 23:38:47
375760,2,HANARO 탄소효율그린뉴딜,25210,3,0,0.0,25109.0,7.0858,0,0,227,2026-07-23 23:38:47
471460,6,KIWOOM 국고채30년액티브,45190,3,0,0.0,45168.0,-16.4519,0,0,226,2026-07-23 23:38:47
117680,2,KODEX 철강,11130,3,0,0.0,11188.0,-37.6932,0,0,226,2026-07-23 23:38:47
497780,4,KoAct 미국천연가스인프라액티브,11580,3,0,0.0,11576.0,4.0571,0,0,226,2026-07-23 23:38:47
108590,1,TREX 200,112860,3,0,0.0,112922.0,11.9264,0,0,226,2026-07-23 23:38:47
376410,2,TIGER 탄소효율그린뉴딜,25035,3,0,0.0,25171.0,8.5635,0,0,225,2026-07-23 23:38:47
0026E0,4,KODEX 미국S&P500버퍼3월액티브,12170,3,0,0.0,12248.0,3.3347,0,0,225,2026-07-23 23:38:47
0047P0,4,RISE 테슬라고정테크100,14980,3,0,0.0,15125.0,6.2662,0,0,225,2026-07-23 23:38:47
464600,2,SOL 자동차소부장Fn,23525,3,0,0.0,23573.0,5.2254,0,0,223,2026-07-23 23:38:47
416090,4,ACE 중국과창판STAR50,14795,3,0,0.0,14789.0,28.8284,0,0,222,2026-07-23 23:38:47
0153X0,4,PLUS 미국고배당주액티브,11380,3,0,0.0,11384.0,2.9169,0,0,222,2026-07-23 23:38:47
169950,4,KODEX 차이나A50,27710,3,0,0.0,27875.0,0.1789,0,0,222,2026-07-23 23:38:47
300640,2,RISE 게임테마,6325,3,0,0.0,6358.0,-23.3362,0,0,221,2026-07-23 23:38:47
461450,1,KODEX 코스닥글로벌,14725,3,0,0.0,14672.0,-30.5175,0,0,221,2026-07-23 23:38:47
091220,2,TIGER 은행,16675,3,0,0.0,16654.0,1.3692,0,0,220,2026-07-23 23:38:47
225130,4,ACE 골드선물 레버리지(합성 H),43770,3,0,0.0,43606.0,-28.3267,0,0,219,2026-07-23 23:38:47
404260,2,KODEX 기후변화솔루션,24310,3,0,0.0,24407.0,-10.9823,0,0,219,2026-07-23 23:38:47
364990,2,TIGER 게임TOP10,4755,3,0,0.0,4749.0,-22.4508,0,0,219,2026-07-23 23:38:47
239660,6,PLUS 우량회사채50,121215,3,0,0.0,121215.0,0.2938,0,0,218,2026-07-23 23:38:47
442550,7,RISE TDF2030액티브 적격,15020,3,0,0.0,14926.0,2.2131,0,0,218,2026-07-23 23:38:47
0190M0,4,KIWOOM 미국AI테크하이베타,9250,3,0,0.0,9167.0,,0,0,217,2026-07-23 23:38:47
0144M0,4,KODEX 미국드론UAM TOP10,7715,3,0,0.0,7748.0,-9.977,0,0,216,2026-07-23 23:38:47
337120,2,KODEX 멀티팩터,35805,3,0,0.0,36014.0,9.0082,0,0,215,2026-07-23 23:38:47
0177A0,2,WON 두산그룹포커스,8760,3,0,0.0,8762.0,-25.5052,0,0,215,2026-07-23 23:38:47
0127R0,4,RISE 미국AI클라우드인프라,17725,3,0,0.0,17394.0,8.0188,0,0,213,2026-07-23 23:38:47
381560,2,HANARO Fn전기&수소차,18230,3,0,0.0,18237.0,0.8016,0,0,210,2026-07-23 23:38:47
489000,6,PLUS 일본엔화초단기국채(합성),9515,3,0,0.0,9529.0,-2.2438,0,0,209,2026-07-23 23:38:47
289040,2,KODEX MSCI KOREA ESG유니버설,34755,3,0,0.0,34617.0,18.3076,0,0,209,2026-07-23 23:38:47
481340,6,RISE 미국30년국채액티브,9260,3,0,0.0,9280.0,-3.5226,0,0,208,2026-07-23 23:38:47
445910,2,TIGER MKF배당귀족,20585,3,0,0.0,20706.0,-9.2732,0,0,206,2026-07-23 23:38:47
415760,4,SOL 차이나육성산업액티브(합성),15095,3,0,0.0,15213.0,30.2143,0,0,205,2026-07-23 23:38:47
407310,1,HANARO 200 TOP10,17095,3,0,0.0,17074.0,-6.8739,0,0,205,2026-07-23 23:38:47
253290,7,RISE 헬스케어채권혼합,11385,3,0,0.0,11486.0,-11.2141,0,0,205,2026-07-23 23:38:47
0104P0,2,TIGER 코리아배당다우존스위클리커버드콜,11375,3,0,0.0,11413.0,-5.8647,0,0,205,2026-07-23 23:38:47
152380,6,KODEX 국채선물10년,64185,3,0,0.0,64167.0,-4.3987,0,0,204,2026-07-23 23:38:47
226980,1,KODEX 200 중소형,22480,3,0,0.0,22472.0,-23.734,0,0,202,2026-07-23 23:38:47
0221Z0,2,ACE K바이오코스닥액티브,10000,3,0,0.0,10066.0,,0,0,200,2026-07-23 23:38:47
0220A0,7,KIWOOM 현대차그룹TOP3채권혼합50,9870,3,0,0.0,9855.0,,0,0,197,2026-07-23 23:38:47
468370,6,KODEX iShares미국인플레이션국채액티브,11470,3,0,0.0,11466.0,-0.3898,0,0,197,2026-07-23 23:38:47
304760,1,HANARO KRX300,49225,3,0,0.0,49046.0,8.1248,0,0,197,2026-07-23 23:38:47
447660,7,PLUS 애플채권혼합,14035,3,0,0.0,13998.0,7.0855,0,0,196,2026-07-23 23:38:47
417630,2,TIGER KEDI혁신기업ESG30,18710,3,0,0.0,18817.0,-13.6916,0,0,196,2026-07-23 23:38:47
304770,1,HANARO 코스닥150,13415,3,0,0.0,13410.0,-37.0128,0,0,196,2026-07-23 23:38:47
461910,4,PLUS 미국테크TOP10레버리지(합성),38950,3,0,0.0,39305.0,0.3547,0,0,195,2026-07-23 23:38:47
483330,4,ACE 마이크로소프트밸류체인액티브,13895,3,0,0.0,13881.0,3.3598,0,0,195,2026-07-23 23:38:47
0194R0,2,KIWOOM SK하이닉스선물단일종목레버리지,12735,3,0,0.0,12855.0,,0,0,194,2026-07-23 23:38:47
0051A0,4,KoAct 브로드컴밸류체인액티브,25770,3,0,0.0,25883.0,13.6505,0,0,193,2026-07-23 23:38:47
0192S0,7,SOL 코스피200채권혼합50,9620,3,0,0.0,9610.0,,0,0,192,2026-07-23 23:38:47
213630,4,PLUS 미국다우존스고배당주(합성 H),20845,3,0,0.0,21013.0,3.8384,0,0,192,2026-07-23 23:38:47
487950,4,KODEX 대만테크고배당다우존스,13210,3,0,0.0,13277.0,7.6074,0,0,192,2026-07-23 23:38:47
219390,4,RISE 미국S&P원유생산기업(합성 H),7810,3,0,0.0,7872.0,7.1868,0,0,191,2026-07-23 23:38:47
0203R0,6,WON 중단기종합채권(A-이상)액티브,50165,3,0,0.0,50194.0,,0,0,191,2026-07-23 23:38:47
183710,7,RISE 주식혼합,95185,3,0,0.0,95216.0,9.8459,0,0,190,2026-07-23 23:38:47
284980,2,RISE 200금융,22625,3,0,0.0,22737.0,0.9734,0,0,190,2026-07-23 23:38:47
236350,4,TIGER 인도니프티50레버리지(합성),30620,3,0,0.0,30703.0,-11.8066,0,0,190,2026-07-23 23:38:47
217770,5,TIGER 원유선물인버스(H),1273,3,0,0.0,1264.0,-9.5568,0,0,190,2026-07-23 23:38:47
460660,4,RISE 미국S&P배당킹,12580,3,0,0.0,12560.0,6.584,0,0,189,2026-07-23 23:38:47
419650,4,PLUS 글로벌수소&차세대연료전지,5695,3,0,0.0,5674.0,-4.9711,0,0,188,2026-07-23 23:38:47
445690,2,BNK 주주가치액티브,31215,3,0,0.0,31066.0,-1.7027,0,0,187,2026-07-23 23:38:47
371450,4,TIGER 글로벌클라우드컴퓨팅INDXX,12305,3,0,0.0,12244.0,18.2451,0,0,187,2026-07-23 23:38:47
461900,4,PLUS 미국테크TOP10,22965,3,0,0.0,23084.0,0.8905,0,0,184,2026-07-23 23:38:47
474920,4,에셋플러스 차이나일등기업포커스10액티브,19545,3,0,0.0,19527.0,17.9402,0,0,184,2026-07-23 23:38:47
0193K0,2,PLUS 삼성전자단일종목레버리지,14650,3,0,0.0,14742.0,,0,0,183,2026-07-23 23:38:47
227830,1,PLUS 코스피,73025,3,0,0.0,73446.0,6.1307,0,0,183,2026-07-23 23:38:47
449580,7,RISE 테슬라애플아마존채권혼합,16595,3,0,0.0,16684.0,0.209,0,0,183,2026-07-23 23:38:47
477490,4,에셋플러스 글로벌일등기업포커스10액티브,20175,3,0,0.0,20216.0,4.8034,0,0,182,2026-07-23 23:38:47
0018Z0,4,RISE 미국양자컴퓨팅,18055,3,0,0.0,18000.0,0.3561,0,0,181,2026-07-23 23:38:47
404120,2,TIME K신재생에너지액티브,25740,3,0,0.0,25723.0,-12.0491,0,0,180,2026-07-23 23:38:47
385600,2,ACE 2차전지&친환경차액티브,11990,3,0,0.0,11996.0,-11.3646,0,0,180,2026-07-23 23:38:47
391670,1,HK 베스트일레븐액티브,29755,3,0,0.0,29884.0,19.7671,0,0,179,2026-07-23 23:38:47
292050,1,RISE KRX300,50785,3,0,0.0,51188.0,9.1571,0,0,178,2026-07-23 23:38:47
332620,6,PLUS 미국장기우량회사채,94955,3,0,0.0,94981.0,-2.3718,0,0,178,2026-07-23 23:38:47
289260,2,TIGER MSCI KOREA ESG리더스,29525,3,0,0.0,29709.0,18.0077,0,0,177,2026-07-23 23:38:47
453630,4,KODEX 미국S&P500필수소비재,13100,3,0,0.0,13148.0,2.5067,0,0,177,2026-07-23 23:38:47
195920,4,TIGER 일본TOPIX(합성 H),35040,3,0,0.0,35003.0,7.4545,0,0,175,2026-07-23 23:38:47
0105D0,2,SOL 한국AI소프트웨어,9630,3,0,0.0,9596.0,-13.5402,0,0,173,2026-07-23 23:38:47
291130,4,ACE MSCI멕시코(합성),19220,3,0,0.0,19467.0,-4.0,0,0,173,2026-07-23 23:38:47
0086C0,7,TIGER 리츠부동산인프라10채권혼합액티브,9785,3,0,0.0,9783.0,-8.5053,0,0,171,2026-07-23 23:38:47
0104G0,2,PLUS K방산레버리지,7245,3,0,0.0,7303.0,-63.5416,0,0,170,2026-07-23 23:38:47
276000,4,TIGER 글로벌자원생산기업(합성 H),19990,3,0,0.0,20011.0,-5.724,0,0,170,2026-07-23 23:38:47
0216Z0,2,ACE K방산TOP5+,9160,3,0,0.0,9148.0,,0,0,169,2026-07-23 23:38:47
453010,7,PLUS KOFR금리,109525,3,0,0.0,109530.0,0.6155,0,0,169,2026-07-23 23:38:47
225060,4,TIGER 이머징마켓MSCI레버리지(합성 H),15900,3,0,0.0,16000.0,0.7892,0,0,169,2026-07-23 23:38:47
250730,4,RISE 차이나HSCEI(H),9885,3,0,0.0,9891.0,-7.2331,0,0,168,2026-07-23 23:38:47
488290,4,MIDAS 일본테크액티브,47355,3,0,0.0,47226.0,13.7717,0,0,166,2026-07-23 23:38:47
130680,5,TIGER 원유선물Enhanced(H),7180,3,0,0.0,7230.0,4.7904,0,0,165,2026-07-23 23:38:47
494420,2,PLUS 미국배당증가성장주데일리커버드콜,9685,3,0,0.0,9671.0,3.6018,0,0,165,2026-07-23 23:38:47
432840,4,HANARO 미국S&P500,20480,3,0,0.0,20532.0,6.0643,0,0,164,2026-07-23 23:38:47
0207Z0,4,KIWOOM 미국우주데이터센터인프라,7250,3,0,0.0,7285.0,,0,0,163,2026-07-23 23:38:47
453820,4,KODEX 인도Nifty50레버리지(합성),12525,3,0,0.0,12521.0,-9.5708,0,0,163,2026-07-23 23:38:47
0207G0,2,SOL 우주항공밸류체인,6330,3,0,0.0,6319.0,,0,0,161,2026-07-23 23:38:47
491510,2,파워 K-주주가치액티브,17910,3,0,0.0,18035.0,-6.2701,0,0,161,2026-07-23 23:38:47
131890,2,ACE 삼성그룹동일가중,40215,3,0,0.0,40488.0,3.1085,0,0,161,2026-07-23 23:38:47
413930,2,WON AI ESG액티브,28925,3,0,0.0,29178.0,9.2371,0,0,159,2026-07-23 23:38:47
280320,4,ACE 미국IT인터넷(합성 H),19860,3,0,0.0,19946.0,2.7539,0,0,159,2026-07-23 23:38:47
265690,4,ACE 러시아MSCI(합성),8535,3,0,0.0,48.0,0.0,0,0,158,2026-07-23 23:38:47
0000H0,2,KODEX 인도Nifty미드캡100,10825,3,0,0.0,10829.0,0.9169,0,0,157,2026-07-23 23:38:47
379790,4,RISE 유로스탁스50(H),17400,3,0,0.0,17396.0,6.0941,0,0,157,2026-07-23 23:38:47
396510,4,TIGER 차이나클린에너지SOLACTIVE,7960,3,0,0.0,8039.0,-15.6971,0,0,156,2026-07-23 23:38:47
337150,2,KODEX 200exTOP,25670,3,0,0.0,25862.0,-9.201,0,0,154,2026-07-23 23:38:47
387280,2,TIGER 퓨처모빌리티액티브,11445,3,0,0.0,11457.0,-20.147,0,0,152,2026-07-23 23:38:47
0153P0,2,ACE 리츠부동산인프라액티브,9500,3,0,0.0,9461.0,-13.9774,0,0,152,2026-07-23 23:38:47
0013P0,4,RISE 미국은행TOP10,13740,3,0,0.0,13735.0,10.7383,0,0,151,2026-07-23 23:38:47
114460,6,ACE 국고채3년,100125,3,0,0.0,100154.0,-0.6314,0,0,150,2026-07-23 23:38:47
104520,2,KIWOOM 블루칩,14840,3,0,0.0,14892.0,-7.9874,0,0,148,2026-07-23 23:38:47
102960,2,KODEX 기계장비,13990,3,0,0.0,14035.0,-31.7753,0,0,148,2026-07-23 23:38:47
417450,4,RISE 글로벌수소경제,17385,3,0,0.0,17389.0,1.041,0,0,148,2026-07-23 23:38:47
244620,2,KODEX 모멘텀Plus,21045,3,0,0.0,21203.0,-7.0331,0,0,147,2026-07-23 23:38:47
404650,2,SOL KRX기후변화솔루션,24370,3,0,0.0,24407.0,-10.7776,0,0,146,2026-07-23 23:38:47
419420,4,KODEX 미국클린에너지나스닥,10240,3,0,0.0,10220.0,-3.2401,0,0,143,2026-07-23 23:38:47
234310,2,RISE V&S셀렉트밸류,28660,3,0,0.0,28805.0,-5.2701,0,0,143,2026-07-23 23:38:47
496130,1,TRUSTON 코리아밸류업액티브,26405,3,0,0.0,26589.0,8.6021,0,0,143,2026-07-23 23:38:47
0088N0,2,WON K-글로벌수급상위,10465,3,0,0.0,10512.0,-29.7041,0,0,141,2026-07-23 23:38:47
438900,2,HANARO Fn K-푸드,10650,3,0,0.0,10658.0,-14.5852,0,0,138,2026-07-23 23:38:47
435040,4,ACE 글로벌브랜드TOP10,19730,3,0,0.0,19859.0,3.0901,0,0,138,2026-07-23 23:38:47
472720,1,TRUSTON 주주가치액티브,26460,3,0,0.0,26632.0,-4.1972,0,0,138,2026-07-23 23:38:47
0028X0,4,KODEX 미국금융테크액티브,11960,3,0,0.0,11979.0,3.7013,0,0,138,2026-07-23 23:38:47
0127V0,4,KIWOOM 미국S&P500 TOP10&배당다우비중전환,10995,3,0,0.0,11028.0,3.3016,0,0,137,2026-07-23 23:38:47
0127T0,4,KIWOOM 미국S&P500&배당다우존스비중전환,11445,3,0,0.0,11466.0,6.0854,0,0,137,2026-07-23 23:38:47
489860,4,KIWOOM 글로벌전력GRID인프라,16085,3,0,0.0,16060.0,-1.5615,0,0,137,2026-07-23 23:38:47
400570,4,KODEX 유럽탄소배출권선물ICE(H),11840,3,0,0.0,11954.0,9.6015,0,0,136,2026-07-23 23:38:47
266390,2,KODEX 경기소비재,14905,3,0,0.0,14976.0,26.5769,0,0,134,2026-07-23 23:38:47
484890,6,SOL 머니마켓액티브,52390,3,0,0.0,52381.0,0.6437,0,0,134,2026-07-23 23:38:47
269370,4,TIGER S&P글로벌인프라(합성),19085,3,0,0.0,19046.0,0.8765,0,0,134,2026-07-23 23:38:47
0004G0,4,1Q 미국배당TOP30,9500,3,0,0.0,9524.0,4.9793,0,0,133,2026-07-23 23:38:47
269530,4,PLUS S&P글로벌인프라,22125,3,0,0.0,22195.0,0.6607,0,0,133,2026-07-23 23:38:47
137610,5,TIGER 농산물선물Enhanced(H),5525,3,0,0.0,5550.0,1.774,0,0,133,2026-07-23 23:38:47
463640,4,KODEX 미국S&P500유틸리티,15545,3,0,0.0,15712.0,-0.6496,0,0,132,2026-07-23 23:38:47
280920,2,PLUS 주도업종,23960,3,0,0.0,24071.0,-4.974,0,0,132,2026-07-23 23:38:47
0008E0,4,ACE 미국중심중소형제조업,13860,3,0,0.0,13937.0,-0.3216,0,0,132,2026-07-23 23:38:47
435550,7,KIWOOM TDF2050액티브 적격,18685,3,0,0.0,18700.0,5.5912,0,0,131,2026-07-23 23:38:47
395760,2,PLUS ESG성장주액티브,21675,3,0,0.0,21784.0,5.5174,0,0,130,2026-07-23 23:38:47
279540,2,KODEX 최소변동성,21545,3,0,0.0,21447.0,-5.5095,0,0,129,2026-07-23 23:38:47
428560,4,KODEX 미국ETF산업Top10 Indxx,16075,3,0,0.0,16151.0,-4.0838,0,0,129,2026-07-23 23:38:47
0015F0,7,KIWOOM 팔란티어미국30년국채혼합액티브(H),9890,3,0,0.0,9882.0,-3.5414,0,0,129,2026-07-23 23:38:47
465670,4,TIGER 미국캐시카우100,16045,3,0,0.0,16095.0,6.5068,0,0,128,2026-07-23 23:38:47
332610,6,PLUS 미국단기회사채(AAA~A),133600,3,0,0.0,133599.0,0.7221,0,0,128,2026-07-23 23:38:47
266410,2,KODEX 필수소비재,9070,3,0,0.0,9104.0,-12.4476,0,0,127,2026-07-23 23:38:47
0090B0,2,PLUS K방산소부장,7255,3,0,0.0,7254.0,-54.8524,0,0,127,2026-07-23 23:38:47
140580,2,RISE 우량업종대표주,25170,3,0,0.0,25234.0,-5.6051,0,0,126,2026-07-23 23:38:47
0208N0,1,IBK 코스피액티브,7860,3,0,0.0,7850.0,,0,0,126,2026-07-23 23:38:47
300610,2,TIGER K게임,5350,3,0,0.0,5335.0,-24.3501,0,0,126,2026-07-23 23:38:47
453660,4,KODEX 미국S&P500경기소비재,17895,3,0,0.0,18101.0,-3.5252,0,0,125,2026-07-23 23:38:47
290080,3,RISE 200고배당커버드콜ATM,7145,3,0,0.0,7111.0,-16.0545,0,0,125,2026-07-23 23:38:47
354240,7,RISE 미국고정배당우선증권,11355,3,0,0.0,11372.0,-1.5438,0,0,125,2026-07-23 23:38:47
363510,6,SOL KIS단기통안채,111865,3,0,0.0,111862.0,0.571,0,0,124,2026-07-23 23:38:47
487750,2,BNK 온디바이스AI,31040,3,0,0.0,31104.0,7.5773,0,0,124,2026-07-23 23:38:47
453060,6,HANARO KOFR금리액티브(합성),111075,3,0,0.0,111070.0,0.6434,0,0,122,2026-07-23 23:38:47
360150,2,KODEX 코스닥150롱코스피200숏선물,2930,3,0,0.0,2934.0,-46.4053,0,0,120,2026-07-23 23:38:47
457700,6,KODEX 53-09 국고채액티브,9040,3,0,0.0,9040.0,-15.0589,0,0,119,2026-07-23 23:38:47
0084E0,7,KIWOOM 미국대형주500월간목표헤지액티브,10845,3,0,0.0,10820.0,3.9719,0,0,119,2026-07-23 23:38:47
0194N0,2,KIWOOM 삼성전자선물단일종목레버리지,13250,3,0,0.0,13438.0,,0,0,119,2026-07-23 23:38:47
251590,2,PLUS 고배당저변동50,16960,3,0,0.0,16894.0,-10.4271,0,0,119,2026-07-23 23:38:47
371870,4,ACE 차이나항셍테크,7390,3,0,0.0,7385.0,-6.398,0,0,118,2026-07-23 23:38:47
448490,6,HANARO 32-10 국고채액티브,52545,3,0,0.0,52413.0,-4.4676,0,0,118,2026-07-23 23:38:47
166400,3,TIGER 200커버드콜OTM,23535,3,0,0.0,23763.0,3.0736,0,0,118,2026-07-23 23:38:47
373490,2,KODEX 코리아혁신성장액티브,26135,3,0,0.0,26320.0,-16.8416,0,0,118,2026-07-23 23:38:47
0093B0,4,RISE 엔비디아고정테크100,12930,3,0,0.0,13011.0,6.8501,0,0,116,2026-07-23 23:38:47
0094L0,4,RISE 차이나테크TOP10위클리타겟커버드콜,8275,3,0,0.0,8222.0,-10.9763,0,0,116,2026-07-23 23:38:47
494180,4,TIME 글로벌소비트렌드액티브,13600,3,0,0.0,13630.0,-1.3939,0,0,116,2026-07-23 23:38:47
0067Y0,4,TIGER 차이나AI소프트웨어,11005,3,0,0.0,11036.0,-14.1222,0,0,116,2026-07-23 23:38:47
485810,4,TIME 글로벌바이오액티브,10995,3,0,0.0,10983.0,9.261,0,0,115,2026-07-23 23:38:47
464610,2,SOL 의료기기소부장Fn,7695,3,0,0.0,7677.0,-24.7449,0,0,115,2026-07-23 23:38:47
407820,2,에셋플러스 코리아플랫폼액티브,6410,3,0,0.0,6423.0,-28.6209,0,0,115,2026-07-23 23:38:47
0133E0,4,TIGER 차이나증권,9545,3,0,0.0,9674.0,3.2364,0,0,115,2026-07-23 23:38:47
451150,4,에셋플러스 글로벌영에이지액티브,18435,3,0,0.0,18545.0,0.3759,0,0,114,2026-07-23 23:38:47
451600,6,PLUS 국고채30년액티브,82935,3,0,0.0,83173.0,-16.605,0,0,114,2026-07-23 23:38:47
409810,4,KODEX 미국나스닥100선물인버스(H),5640,3,0,0.0,5628.0,-7.8368,0,0,113,2026-07-23 23:38:47
430500,7,KIWOOM 물가채KIS,112100,3,0,0.0,112040.0,-2.1074,0,0,112,2026-07-23 23:38:47
456250,4,KODEX 유럽명품TOP10 STOXX,9650,3,0,0.0,9658.0,0.3105,0,0,111,2026-07-23 23:38:47
252650,1,KODEX 200동일가중,18440,3,0,0.0,18358.0,-14.5872,0,0,111,2026-07-23 23:38:47
385710,2,TIME K이노베이션액티브,11050,3,0,0.0,11003.0,-29.8737,0,0,111,2026-07-23 23:38:47
0068M0,4,KODEX 미국S&P500버퍼6월액티브,12235,3,0,0.0,12310.0,3.139,0,0,110,2026-07-23 23:38:47
140710,2,KODEX 운송,6385,3,0,0.0,6360.0,-12.2349,0,0,109,2026-07-23 23:38:47
354350,4,HANARO 글로벌럭셔리S&P(합성),20730,3,0,0.0,20970.0,3.3773,0,0,108,2026-07-23 23:38:47
460270,6,KIWOOM 미국달러SOFR금리액티브(합성),13280,3,0,0.0,13272.0,1.2466,0,0,108,2026-07-23 23:38:47
410870,2,TIME K컬처액티브,9730,3,0,0.0,9713.0,-20.043,0,0,107,2026-07-23 23:38:47
310080,4,RISE 중국MSCI China(H),9275,3,0,0.0,9301.0,-8.6957,0,0,107,2026-07-23 23:38:47
0002C0,4,에셋플러스 인도일등기업포커스20액티브,9875,3,0,0.0,9874.0,3.2457,0,0,107,2026-07-23 23:38:47
498050,2,HANARO 바이오코리아액티브,10625,3,0,0.0,10645.0,-33.3882,0,0,106,2026-07-23 23:38:47
487910,4,ACE 인도컨슈머파워액티브,8795,3,0,0.0,8792.0,0.0563,0,0,106,2026-07-23 23:38:47
0113G0,4,KoAct 미국바이오헬스케어액티브,11085,3,0,0.0,11111.0,8.599,0,0,105,2026-07-23 23:38:47
252000,1,TIGER 200동일가중,19105,3,0,0.0,19163.0,-16.2918,0,0,105,2026-07-23 23:38:47
399580,4,RISE 글로벌클린에너지,10445,3,0,0.0,10388.0,-4.577,0,0,104,2026-07-23 23:38:47
181480,7,ACE 미국부동산리츠(합성 H),86990,3,0,0.0,86765.0,3.3155,0,0,104,2026-07-23 23:38:47
446700,2,RISE 배터리 리사이클링,9610,3,0,0.0,9671.0,-40.6839,0,0,104,2026-07-23 23:38:47
140570,2,RISE 수출주,25920,3,0,0.0,26012.0,-9.3464,0,0,104,2026-07-23 23:38:47
0120J0,2,BNK 카카오그룹포커스,7905,3,0,0.0,7961.0,-22.0469,0,0,103,2026-07-23 23:38:47
117690,4,TIGER 차이나항셍30,20500,3,0,0.0,20702.0,-6.0738,0,0,103,2026-07-23 23:38:47
429010,4,TIGER 미국나스닥넥스트100,20335,3,0,0.0,20269.0,7.5773,0,0,102,2026-07-23 23:38:47
0189Z0,2,DAISHIN343 금융&지주고배당,10160,3,0,0.0,10167.0,,0,0,102,2026-07-23 23:38:47
237440,7,TIGER 경기방어채권혼합,10090,3,0,0.0,10090.0,-4.1905,0,0,101,2026-07-23 23:38:47
0191S0,1,IBK 코스닥150,13500,3,0,0.0,13523.0,,0,0,100,2026-07-23 23:38:47
0001P0,2,마이티 바이오시밀러&CDMO액티브,8755,3,0,0.0,8712.0,-34.1428,0,0,98,2026-07-23 23:38:47
404540,2,TIGER KRX기후변화솔루션,24430,3,0,0.0,24594.0,-11.4557,0,0,98,2026-07-23 23:38:47
461580,1,TIGER 코스닥글로벌,14950,3,0,0.0,14985.0,-30.2456,0,0,97,2026-07-23 23:38:47
281990,2,RISE 중소형고배당,17555,3,0,0.0,17664.0,-12.6615,0,0,97,2026-07-23 23:38:47
105010,4,TIGER 라틴35,6885,3,0,0.0,6918.0,-6.6388,0,0,96,2026-07-23 23:38:47
375270,7,RISE 글로벌데이터센터리츠(합성),14795,3,0,0.0,14777.0,-5.9387,0,0,96,2026-07-23 23:38:47
0084D0,7,KIWOOM 미국테크100월간목표헤지액티브,12010,3,0,0.0,12033.0,7.9424,0,0,96,2026-07-23 23:38:47
449680,7,TIGER 한중전기차(합성),11230,3,0,0.0,11406.0,-24.3207,0,0,95,2026-07-23 23:38:47
0219B0,2,KoAct 광통신&위성네트워크액티브,10500,3,0,0.0,10487.0,,0,0,95,2026-07-23 23:38:47
301400,1,PLUS 코스닥150,13475,3,0,0.0,13528.0,-37.1907,0,0,94,2026-07-23 23:38:47
395150,2,KODEX 웹툰&드라마,1848,3,0,0.0,1863.0,-32.0931,0,0,94,2026-07-23 23:38:47
0215T0,4,HANARO 미국AI광통신TOP10,9415,3,0,0.0,9292.0,,0,0,94,2026-07-23 23:38:47
429980,7,SOL 한국형글로벌전기차&2차전지액티브,18665,3,0,0.0,18739.0,-1.6197,0,0,93,2026-07-23 23:38:47
497510,4,ACE 글로벌빅파마,13310,3,0,0.0,13363.0,10.6692,0,0,93,2026-07-23 23:38:47
0174R0,4,KIWOOM 미국성장다우존스,11620,3,0,0.0,11610.0,5.0022,0,0,93,2026-07-23 23:38:47
0203D0,7,PLUS 200위클리커버드콜채권혼합,9290,3,0,0.0,9245.0,,0,0,93,2026-07-23 23:38:47
482030,2,KoAct 반도체&2차전지핵심소재액티브,8835,3,0,0.0,8889.0,-41.9762,0,0,93,2026-07-23 23:38:47
463690,4,KODEX 미국S&P500커뮤니케이션,18505,3,0,0.0,18615.0,-6.7831,0,0,93,2026-07-23 23:38:47
371150,4,RISE 차이나항셍테크,7400,3,0,0.0,7420.0,-5.6016,0,0,93,2026-07-23 23:38:47
480460,7,WON 한국부동산TOP3플러스,9195,3,0,0.0,9203.0,-15.4364,0,0,92,2026-07-23 23:38:47
435540,7,KIWOOM TDF2040액티브 적격,18240,3,0,0.0,18265.0,5.6463,0,0,91,2026-07-23 23:38:47
341850,7,TIGER 리츠부동산인프라채권,4540,3,0,0.0,4544.0,-12.5876,0,0,91,2026-07-23 23:38:47
261110,7,TIGER 미국달러선물레버리지,17970,3,0,0.0,18006.0,1.2465,0,0,90,2026-07-23 23:38:47
0138D0,2,RISE 동학개미,12660,3,0,0.0,12709.0,-20.0468,0,0,89,2026-07-23 23:38:47
0166T0,4,PLUS 글로벌저작권핵심기업액티브,9790,3,0,0.0,9812.0,-4.9488,0,0,88,2026-07-23 23:38:47
381570,2,HANARO Fn친환경에너지,10305,3,0,0.0,10288.0,-34.379,0,0,88,2026-07-23 23:38:47
225800,7,KIWOOM 미국달러선물레버리지,16890,3,0,0.0,16957.0,0.7029,0,0,86,2026-07-23 23:38:47
0184N0,7,PLUS 은채권혼합,8595,3,0,0.0,8634.0,,0,0,86,2026-07-23 23:38:47
270800,2,RISE KQ고배당,15390,3,0,0.0,15403.0,-13.1741,0,0,85,2026-07-23 23:38:47
497520,4,ACE 일라이릴리밸류체인,13010,3,0,0.0,13053.0,9.0572,0,0,85,2026-07-23 23:38:47
395750,2,PLUS ESG가치주액티브,21125,3,0,0.0,21434.0,7.6169,0,0,85,2026-07-23 23:38:47
0216K0,7,KIWOOM 미국우주테크TOP2채권혼합50,8440,3,0,0.0,8449.0,,0,0,84,2026-07-23 23:38:47
462340,4,에셋플러스 글로벌다이나믹시니어액티브,16825,3,0,0.0,16860.0,8.1509,0,0,84,2026-07-23 23:38:47
395280,2,HANARO Fn K-게임,3495,3,0,0.0,3511.0,-21.659,0,0,84,2026-07-23 23:38:47
215620,2,HK S&P코리아로우볼,15490,3,0,0.0,15612.0,-15.3536,0,0,84,2026-07-23 23:38:47
487920,4,ACE 인도시장대표BIG5그룹액티브,8335,3,0,0.0,8365.0,-2.0846,0,0,83,2026-07-23 23:38:47
182490,6,TIGER 단기선진하이일드(합성 H),13760,3,0,0.0,13818.0,0.2897,0,0,83,2026-07-23 23:38:47
402460,2,HANARO Fn K-메타버스MZ,15005,3,0,0.0,15098.0,20.2458,0,0,83,2026-07-23 23:38:47
230480,7,KIWOOM 미국달러선물인버스2X,4095,3,0,0.0,4111.0,-1.8293,0,0,82,2026-07-23 23:38:47
256450,4,PLUS 심천차이넥스트(합성),16405,3,0,0.0,16688.0,-2.9514,0,0,82,2026-07-23 23:38:47
457930,2,BNK 미래전략기술액티브,27340,3,0,0.0,27523.0,-13.965,0,0,82,2026-07-23 23:38:47
174350,2,TIGER 로우볼,20420,3,0,0.0,20558.0,-2.744,0,0,82,2026-07-23 23:38:47
0218K0,2,BNK 스마트카,10880,3,0,0.0,10875.0,,0,0,82,2026-07-23 23:38:47
435530,7,KIWOOM TDF2030액티브 적격,16260,3,0,0.0,16268.0,4.9552,0,0,81,2026-07-23 23:38:47
466810,2,BNK 2차전지양극재,5565,3,0,0.0,5544.0,-42.3424,0,0,81,2026-07-23 23:38:47
494210,4,SOL 미국500타겟데일리커버드콜액티브,11420,3,0,0.0,11449.0,5.8144,0,0,80,2026-07-23 23:38:47
437370,4,RISE 글로벌농업경제,11185,3,0,0.0,11220.0,-1.2373,0,0,78,2026-07-23 23:38:47
217780,4,TIGER 차이나CSI300인버스(합성),5050,3,0,0.0,5071.0,-1.9915,0,0,78,2026-07-23 23:38:47
0172Y0,2,ACE K수출핵심TOP10산업액티브,9770,3,0,0.0,9757.0,-14.0943,0,0,78,2026-07-23 23:38:47
390400,4,KODEX 미국스마트모빌리티S&P,7795,3,0,0.0,7813.0,-3.3791,0,0,78,2026-07-23 23:38:47
400590,4,SOL 글로벌탄소배출권선물ICE(합성),15350,3,0,0.0,15401.0,14.1776,0,0,77,2026-07-23 23:38:47
189400,4,PLUS 글로벌MSCI(합성 H),25540,3,0,0.0,25439.0,3.6657,0,0,77,2026-07-23 23:38:47
285690,2,FOCUS ESG리더스,21800,3,0,0.0,21816.0,-6.1363,0,0,76,2026-07-23 23:38:47
0036Z0,4,RISE 미국천연가스밸류체인,13675,3,0,0.0,13707.0,6.2768,0,0,75,2026-07-23 23:38:47
0094X0,4,1Q 샤오미밸류체인액티브,8815,3,0,0.0,8820.0,-11.0662,0,0,75,2026-07-23 23:38:47
0082F0,4,HANARO 유럽방산,10700,3,0,0.0,10682.0,-4.4344,0,0,75,2026-07-23 23:38:47
438740,2,MIDAS 중소형액티브,33190,3,0,0.0,33875.0,-17.7625,0,0,75,2026-07-23 23:38:47
0047N0,4,PLUS 차이나AI테크TOP10,10630,3,0,0.0,10650.0,-7.5219,0,0,74,2026-07-23 23:38:47
450180,7,KODEX 한중전기차(합성),11430,3,0,0.0,11715.0,-24.6416,0,0,74,2026-07-23 23:38:47
488480,4,RISE 일본섹터TOP4Plus,13430,3,0,0.0,13451.0,0.8591,0,0,74,2026-07-23 23:38:47
0005C0,6,RISE 미국S&P500엔화노출(합성 H),11360,3,0,0.0,11411.0,2.774,0,0,74,2026-07-23 23:38:47
304670,6,KODEX 미국30년국채울트라선물인버스(H),12225,3,0,0.0,12263.0,3.4731,0,0,73,2026-07-23 23:38:47
227570,2,TIGER 우량가치,20225,3,0,0.0,20278.0,-14.9886,0,0,73,2026-07-23 23:38:47
225050,4,TIGER 유로스탁스레버리지(합성 H),16040,3,0,0.0,16185.0,10.3483,0,0,72,2026-07-23 23:38:47
139290,2,TIGER 200 경기소비재,27655,3,0,0.0,27775.0,-3.5192,0,0,72,2026-07-23 23:38:47
326230,2,RISE 내수주플러스,11090,3,0,0.0,11135.0,-10.8197,0,0,71,2026-07-23 23:38:47
456200,6,PLUS 미국달러SOFR금리액티브(합성),63630,3,0,0.0,63365.0,1.0919,0,0,70,2026-07-23 23:38:47
219900,4,ACE 중국본토CSI300레버리지(합성),4970,3,0,0.0,5050.0,-1.5595,0,0,70,2026-07-23 23:38:47
316300,7,ACE 싱가포르리츠,13915,3,0,0.0,14085.0,-3.1973,0,0,70,2026-07-23 23:38:47
244670,2,KODEX 밸류Plus,11475,3,0,0.0,11430.0,-12.2538,0,0,69,2026-07-23 23:38:47
139660,7,KIWOOM 미국달러선물인버스,7875,3,0,0.0,7898.0,-0.1273,0,0,69,2026-07-23 23:38:47
368680,2,KODEX K-뉴딜디지털플러스,7580,3,0,0.0,7594.0,-25.9722,0,0,68,2026-07-23 23:38:47
0087F0,4,ACE 차이나AI빅테크TOP2+액티브,13620,3,0,0.0,13594.0,10.0731,0,0,68,2026-07-23 23:38:47
315270,2,TIGER 200커뮤니케이션서비스,20780,3,0,0.0,20714.0,-14.4371,0,0,66,2026-07-23 23:38:47
253280,2,RISE 헬스케어,12065,3,0,0.0,12112.0,-30.9226,0,0,66,2026-07-23 23:38:47
429740,7,PLUS K리츠,5990,3,0,0.0,6019.0,-22.0122,0,0,66,2026-07-23 23:38:47
0176P0,2,FOCUS AI반도체위클리고정커버드콜,13040,3,0,0.0,13125.0,10.4651,0,0,65,2026-07-23 23:38:47
0102X0,4,ACE 유럽방산TOP10,9130,3,0,0.0,9217.0,-11.9054,0,0,64,2026-07-23 23:38:47
0184V0,2,UNICORN K바이오액티브,5805,3,0,0.0,5850.0,,0,0,64,2026-07-23 23:38:47
401590,4,HANARO 글로벌탄소배출권선물ICE(합성),12245,3,0,0.0,12358.0,14.0018,0,0,62,2026-07-23 23:38:47
272570,6,RISE 중장기국공채액티브,107200,3,0,0.0,107178.0,-1.5705,0,0,62,2026-07-23 23:38:47
139240,2,TIGER 200 철강소재,9960,3,0,0.0,9933.0,-38.3527,0,0,62,2026-07-23 23:38:47
138920,5,KODEX 콩선물(H),12275,3,0,0.0,12309.0,0.1238,0,0,61,2026-07-23 23:38:47
407300,2,HANARO Fn골프테마,11120,3,0,0.0,11197.0,-10.7091,0,0,61,2026-07-23 23:38:47
400580,4,SOL 유럽탄소배출권선물S&P(H),12140,3,0,0.0,12291.0,9.3589,0,0,61,2026-07-23 23:38:47
291890,4,KODEX MSCI EM선물(H),12130,3,0,0.0,12128.0,2.3504,0,0,61,2026-07-23 23:38:47
250780,3,TIGER 코스닥150선물인버스,2685,3,0,0.0,2683.0,44.0298,0,0,60,2026-07-23 23:38:47
433250,1,UNICORN R&D 액티브,24130,3,0,0.0,24048.0,-5.209,0,0,60,2026-07-23 23:38:47
0132D0,7,KoAct 글로벌K컬처밸류체인액티브,9270,3,0,0.0,9328.0,-10.9029,0,0,60,2026-07-23 23:38:47
0053M0,2,더제이 중소형포커스액티브,13355,3,0,0.0,13361.0,-11.233,0,0,60,2026-07-23 23:38:47
451670,6,RISE 국채30년레버리지(합성),11885,3,0,0.0,11871.0,-33.1366,0,0,59,2026-07-23 23:38:47
0191B0,1,MIDAS 코스닥액티브,29375,3,0,0.0,29359.0,,0,0,59,2026-07-23 23:38:47
314700,2,HANARO 농업융복합산업,10665,3,0,0.0,10670.0,-21.1075,0,0,59,2026-07-23 23:38:47
413220,4,SOL 차이나태양광CSI(합성),4880,3,0,0.0,4923.0,-24.4497,0,0,59,2026-07-23 23:38:47
0114X0,4,RISE 글로벌게임테크TOP3Plus,8360,3,0,0.0,8360.0,2.606,0,0,59,2026-07-23 23:38:47
476310,4,RISE 글로벌비만산업TOP2+,10605,3,0,0.0,10695.0,17.5095,0,0,58,2026-07-23 23:38:47
289670,6,PLUS 국채선물10년,51515,3,0,0.0,51439.0,-4.3955,0,0,58,2026-07-23 23:38:47
0154H0,4,KoAct 차이나바이오헬스케어액티브,8850,3,0,0.0,8863.0,-9.3048,0,0,58,2026-07-23 23:38:47
469530,3,RISE 미국달러선물인버스,8835,3,0,0.0,8836.0,-0.2273,0,0,57,2026-07-23 23:38:47
267450,6,RISE 미국장기국채선물인버스(H),11015,3,0,0.0,11075.0,1.6196,0,0,55,2026-07-23 23:38:47
432600,6,RISE 국채선물3년,54925,3,0,0.0,54942.0,-0.4528,0,0,55,2026-07-23 23:38:47
499150,4,SOL 미국S&P500엔화노출(H),10980,3,0,0.0,11037.0,2.2955,0,0,55,2026-07-23 23:38:47
0078V0,4,PLUS 미국로보택시,9960,3,0,0.0,9964.0,-10.2075,0,0,55,2026-07-23 23:38:47
483030,4,KIWOOM 미국블록버스터바이오테크의약품+,12125,3,0,0.0,12119.0,9.8413,0,0,55,2026-07-23 23:38:47
483020,2,KIWOOM 의료AI,9075,3,0,0.0,9069.0,-33.9718,0,0,54,2026-07-23 23:38:47
261920,4,ACE MSCI필리핀(합성),13545,3,0,0.0,13562.0,2.4436,0,0,54,2026-07-23 23:38:47
0131A0,4,SOL 차이나소비트렌드,8300,3,0,0.0,8453.0,-18.3993,0,0,54,2026-07-23 23:38:47
474390,6,SOL 국고채30년액티브,40020,3,0,0.0,39864.0,-16.857,0,0,54,2026-07-23 23:38:47
220130,4,SOL 차이나강소기업CSI500(합성 H),6690,3,0,0.0,6725.0,-5.4264,0,0,54,2026-07-23 23:38:47
0073X0,5,FOCUS 알리바바미국채커버드콜혼합,9725,3,0,0.0,9814.0,-5.146,0,0,53,2026-07-23 23:38:47
490330,4,KoAct 미국치매&뇌질환치료제액티브,15275,3,0,0.0,15281.0,23.9698,0,0,53,2026-07-23 23:38:47
321410,7,KODEX 멀티에셋하이인컴(H),10690,3,0,0.0,10701.0,0.9923,0,0,53,2026-07-23 23:38:47
0015E0,7,KIWOOM 엔비디아미국30년국채혼합액티브(H),10615,3,0,0.0,10625.0,-0.8511,0,0,53,2026-07-23 23:38:47
488200,2,KIWOOM K-2차전지북미공급망,11780,3,0,0.0,12003.0,-33.1848,0,0,53,2026-07-23 23:38:47
0128D0,4,PLUS 차이나항셍테크위클리타겟커버드콜,7555,3,0,0.0,7590.0,-6.2156,0,0,53,2026-07-23 23:38:47
411860,4,KIWOOM 독일DAX,17595,3,0,0.0,17653.0,-3.8009,0,0,53,2026-07-23 23:38:47
307510,2,TIGER 의료기기,13015,3,0,0.0,13052.0,-32.0548,0,0,52,2026-07-23 23:38:47
391600,4,ACE 미국친환경그린테마,11520,3,0,0.0,11717.0,-5.9134,0,0,52,2026-07-23 23:38:47
0174J0,7,DAISHIN343 오피스리츠플러스,8580,3,0,0.0,8676.0,-21.3864,0,0,51,2026-07-23 23:38:47
470310,2,UNICORN 생성형AI강소기업액티브,16995,3,0,0.0,16889.0,-0.8753,0,0,51,2026-07-23 23:38:47
295000,6,RISE 국채선물10년,50805,3,0,0.0,50799.0,-4.4836,0,0,51,2026-07-23 23:38:47
498610,4,RISE 인도디지털성장,8270,3,0,0.0,8265.0,-1.349,0,0,50,2026-07-23 23:38:47
243890,2,TIGER 200에너지화학레버리지,9335,3,0,0.0,9394.0,-29.7827,0,0,49,2026-07-23 23:38:47
0015K0,4,TIGER 미국소비트렌드액티브,7340,3,0,0.0,7331.0,-3.1964,0,0,48,2026-07-23 23:38:47
267440,6,RISE 미국장기국채선물(H),8000,3,0,0.0,8118.0,-3.8714,0,0,48,2026-07-23 23:38:47
252420,3,RISE 200선물인버스2X,94,3,0,0.0,95.0,-43.7838,0,0,47,2026-07-23 23:38:47
373790,4,KIWOOM 미국방어배당성장나스닥,16400,3,0,0.0,16505.0,1.6506,0,0,46,2026-07-23 23:38:47
244660,2,KODEX 퀄리티Plus,9135,3,0,0.0,9194.0,-12.5132,0,0,46,2026-07-23 23:38:47
266550,2,PLUS 중형주저변동50,18140,3,0,0.0,18251.0,-14.2792,0,0,45,2026-07-23 23:38:47
205720,4,ACE 일본TOPIX인버스(합성 H),1469,3,0,0.0,1478.0,-8.6474,0,0,44,2026-07-23 23:38:47
488210,2,KIWOOM K-반도체북미공급망,21960,3,0,0.0,22098.0,-12.71,0,0,44,2026-07-23 23:38:47
291630,3,KIWOOM 코스닥150선물레버리지,3375,3,0,0.0,3413.0,-64.1533,0,0,42,2026-07-23 23:38:47
334690,5,RISE 팔라듐선물(H),5925,3,0,0.0,5883.0,-17.8621,0,0,41,2026-07-23 23:38:47
0050E0,4,PLUS 미국AI에이전트,7500,3,0,0.0,7535.0,-2.0607,0,0,41,2026-07-23 23:38:47
277650,2,TIGER 코스피중형주,20540,3,0,0.0,20629.0,-21.2657,0,0,41,2026-07-23 23:38:47
227550,2,TIGER 200 산업재,11985,3,0,0.0,12054.0,-29.5389,0,0,41,2026-07-23 23:38:47
238670,7,PLUS 스마트베타Quality채권혼합,13150,3,0,0.0,13223.0,-1.5477,0,0,39,2026-07-23 23:38:47
291680,4,RISE 차이나H선물인버스(H),7850,3,0,0.0,7897.0,2.4691,0,0,39,2026-07-23 23:38:47
225030,4,TIGER 미국S&P500선물인버스(H),2300,3,0,0.0,2309.0,-4.9485,0,0,39,2026-07-23 23:38:47
226380,2,ACE Fn성장소비주도주,5560,3,0,0.0,5585.0,-20.0894,0,0,39,2026-07-23 23:38:47
0079X0,4,ACE BYD밸류체인액티브,10595,3,0,0.0,10595.0,-17.8586,0,0,37,2026-07-23 23:38:47
267490,6,RISE 미국장기국채선물레버리지(합성 H),5010,3,0,0.0,5078.0,-8.1968,0,0,35,2026-07-23 23:38:47
454180,4,KIWOOM 차이나내수소비TOP CSI,8085,3,0,0.0,8181.0,-6.9409,0,0,32,2026-07-23 23:38:47
227560,2,TIGER 200 생활소비재,12415,3,0,0.0,12461.0,-13.4185,0,0,32,2026-07-23 23:38:47
489010,4,PLUS 글로벌AI인프라,20845,3,0,0.0,21022.0,3.774,0,0,31,2026-07-23 23:38:47
306530,3,HANARO 코스닥150선물레버리지,6760,3,0,0.0,6792.0,-64.6798,0,0,31,2026-07-23 23:38:47
145670,3,ACE 인버스,1332,3,0,0.0,1334.0,-20.8215,0,0,31,2026-07-23 23:38:47
427120,2,RISE AI플랫폼,4935,3,0,0.0,4946.0,-35.0115,0,0,31,2026-07-23 23:38:47
476000,2,UNICORN 포스트IPO액티브,5555,3,0,0.0,5598.0,-53.573,0,0,31,2026-07-23 23:38:47
253230,3,KIWOOM 200선물인버스2X,91,3,0,0.0,90.0,-46.1539,0,0,29,2026-07-23 23:38:47
291620,3,KIWOOM 코스닥150선물인버스,4830,3,0,0.0,4810.0,44.8324,0,0,28,2026-07-23 23:38:47
252410,3,RISE 200선물인버스,1365,3,0,0.0,1361.0,-20.5932,0,0,27,2026-07-23 23:38:47
280940,5,KODEX 골드선물인버스(H),3630,3,0,0.0,3661.0,14.6919,0,0,27,2026-07-23 23:38:47
491630,4,RISE 미국반도체인버스(합성 H),5225,3,0,0.0,5230.0,-32.3361,0,0,25,2026-07-23 23:38:47
275750,3,RISE 코스닥150선물인버스,2725,3,0,0.0,2719.0,43.0317,0,0,25,2026-07-23 23:38:47
334700,5,RISE 팔라듐선물인버스(H),3405,3,0,0.0,3452.0,14.3097,0,0,22,2026-07-23 23:38:47
397420,6,RISE 국채선물5년추종,50225,3,0,0.0,50202.0,-1.6641,0,0,21,2026-07-23 23:38:47
253240,3,KIWOOM 200선물인버스,1360,3,0,0.0,1359.0,-20.9471,0,0,17,2026-07-23 23:38:47
253160,3,PLUS 200선물인버스2X,185,3,0,0.0,186.0,-44.0,0,0,16,2026-07-23 23:38:47
465620,4,ACE 미국빅테크TOP7 Plus인버스(합성),6545,3,0,0.0,6486.0,-4.5926,0,0,16,2026-07-23 23:38:47
306520,3,HANARO 200선물인버스,2490,3,0,0.0,2486.0,-18.9736,0,0,15,2026-07-23 23:38:47
412560,2,TIGER BBIG레버리지,1695,3,0,0.0,1698.0,-48.3334,0,0,11,2026-07-23 23:38:47
