itemcode,etfTabCode,itemname,nowVal,risefall,changeVal,changeRate,nav,threeMonthEarnRate,quant,amonut,marketSum,collected_at
069500,1,KODEX 200,106795,3,0,0.0,106625.0,-13.2469,0,0,247497,2026-08-25 23:41:38
360750,4,TIGER 미국S&P500,26355,3,0,0.0,26304.0,-5.9807,0,0,204001,2026-08-25 23:41:38
133690,4,TIGER 미국나스닥100,179030,3,0,0.0,178130.0,-9.4461,0,0,113344,2026-08-25 23:41:38
379800,4,KODEX 미국S&P500,23955,3,0,0.0,23910.0,-5.9782,0,0,100599,2026-08-25 23:41:38
102110,1,TIGER 200,106940,3,0,0.0,106863.0,-13.2407,0,0,100042,2026-08-25 23:41:38
396500,2,TIGER 반도체TOP10,35105,3,0,0.0,35071.0,-26.8646,0,0,94801,2026-08-25 23:41:38
379810,4,KODEX 미국나스닥100,26765,3,0,0.0,26632.0,-9.4422,0,0,92620,2026-08-25 23:41:38
488770,7,KODEX 머니마켓액티브,105330,3,0,0.0,105330.0,0.8618,0,0,81652,2026-08-25 23:41:38
278530,1,KODEX 200TR,38655,3,0,0.0,38616.0,-13.2713,0,0,76015,2026-08-25 23:41:38
459580,6,KODEX CD금리액티브(합성),1075620,3,0,0.0,1075797.0,0.7177,0,0,65721,2026-08-25 23:41:38
498400,2,KODEX 200타겟위클리커버드콜,20230,3,0,0.0,20212.0,-12.9625,0,0,57028,2026-08-25 23:41:38
381180,4,TIGER 미국필라델피아반도체나스닥,41880,3,0,0.0,41221.0,-12.2332,0,0,56580,2026-08-25 23:41:38
122630,3,KODEX 레버리지,105550,3,0,0.0,105525.0,-38.419,0,0,55942,2026-08-25 23:41:38
0167A0,2,SOL AI반도체TOP2플러스,17270,3,0,0.0,17245.0,-13.5636,0,0,55644,2026-08-25 23:41:38
091160,2,KODEX 반도체,124915,3,0,0.0,124692.0,-19.6689,0,0,54900,2026-08-25 23:41:38
229200,1,KODEX 코스닥150,14300,3,0,0.0,14296.0,-27.7048,0,0,50500,2026-08-25 23:41:38
148020,1,RISE 200,107520,3,0,0.0,107424.0,-13.3986,0,0,43976,2026-08-25 23:41:38
458730,4,TIGER 미국배당다우존스,15430,3,0,0.0,15454.0,-0.1664,0,0,43752,2026-08-25 23:41:38
310970,1,TIGER MSCI Korea TR,47765,3,0,0.0,47655.0,-12.4302,0,0,43323,2026-08-25 23:41:38
411060,5,ACE KRX금현물,29125,3,0,0.0,29071.0,-3.9572,0,0,43076,2026-08-25 23:41:38
0162Z0,7,RISE 삼성전자SK하이닉스채권혼합50,13315,3,0,0.0,13312.0,-2.2851,0,0,40970,2026-08-25 23:41:38
360200,4,ACE 미국S&P500,26635,3,0,0.0,26592.0,-6.0215,0,0,39660,2026-08-25 23:41:38
395160,2,KODEX AI반도체TOP2플러스,38860,3,0,0.0,38721.0,-9.4173,0,0,39559,2026-08-25 23:41:38
381170,4,TIGER 미국테크TOP10 INDXX,30310,3,0,0.0,30198.0,-13.3505,0,0,37403,2026-08-25 23:41:38
233740,3,KODEX 코스닥150레버리지,7220,3,0,0.0,7249.0,-55.2526,0,0,36613,2026-08-25 23:41:38
423160,6,KODEX KOFR금리액티브(합성),110865,3,0,0.0,110856.0,0.6794,0,0,35756,2026-08-25 23:41:38
357870,6,TIGER CD금리투자KIS(합성),57955,3,0,0.0,57952.0,0.7387,0,0,35518,2026-08-25 23:41:38
395270,2,HANARO Fn K-반도체,55240,3,0,0.0,55032.0,-10.8386,0,0,34829,2026-08-25 23:41:38
367380,4,ACE 미국나스닥100,30780,3,0,0.0,30620.0,-9.47,0,0,34320,2026-08-25 23:41:38
273130,6,KODEX 종합채권(AA-이상)액티브,109800,3,0,0.0,109740.0,-0.8713,0,0,33536,2026-08-25 23:41:38
102780,2,KODEX 삼성그룹,25650,3,0,0.0,25708.0,-9.348,0,0,33191,2026-08-25 23:41:38
0043B0,6,TIGER 머니마켓액티브,103450,3,0,0.0,103454.0,0.8776,0,0,32738,2026-08-25 23:41:38
455890,6,RISE 머니마켓액티브,55435,3,0,0.0,55441.0,0.8092,0,0,30338,2026-08-25 23:41:38
487240,2,KODEX AI전력핵심설비,34090,3,0,0.0,34051.0,-38.108,0,0,29931,2026-08-25 23:41:38
139260,2,TIGER 200 IT,134290,3,0,0.0,134026.0,-13.0509,0,0,26912,2026-08-25 23:41:38
481050,6,KODEX CD1년금리플러스액티브(합성),1023765,3,0,0.0,1023762.0,0.767,0,0,25673,2026-08-25 23:41:38
449170,6,TIGER KOFR금리액티브(합성),111680,3,0,0.0,111680.0,0.6579,0,0,24350,2026-08-25 23:41:38
426030,4,TIME 미국나스닥100액티브,44995,3,0,0.0,44234.0,-18.6348,0,0,24324,2026-08-25 23:41:38
161510,2,PLUS 고배당주,25165,3,0,0.0,25241.0,-6.5492,0,0,24038,2026-08-25 23:41:38
472150,2,TIGER 배당커버드콜액티브,20450,3,0,0.0,20393.0,-11.6629,0,0,23967,2026-08-25 23:41:38
486290,4,TIGER 미국나스닥100타겟데일리커버드콜,10560,3,0,0.0,10501.0,-9.7426,0,0,23538,2026-08-25 23:41:38
278540,1,KODEX MSCI Korea TR,38000,3,0,0.0,37937.0,-12.6939,0,0,23294,2026-08-25 23:41:38
0193T0,2,KODEX SK하이닉스단일종목레버리지,10085,3,0,0.0,9991.0,,0,0,23193,2026-08-25 23:41:38
456600,4,TIME 글로벌AI인공지능액티브,56800,3,0,0.0,56265.0,-12.5482,0,0,20880,2026-08-25 23:41:38
284430,6,KODEX 200미국채혼합50,20825,3,0,0.0,20824.0,-9.676,0,0,20342,2026-08-25 23:41:38
292150,2,TIGER 코리아TOP10,37620,3,0,0.0,37608.0,-12.0921,0,0,20315,2026-08-25 23:41:38
385540,6,RISE 종합채권(A-이상)액티브,102840,3,0,0.0,102866.0,-0.7528,0,0,18970,2026-08-25 23:41:38
214980,6,KODEX 단기채권PLUS,114555,3,0,0.0,114583.0,0.6261,0,0,18337,2026-08-25 23:41:38
294400,1,KIWOOM 200TR,140115,3,0,0.0,139980.0,-13.2738,0,0,17865,2026-08-25 23:41:38
105190,1,ACE 200,106955,3,0,0.0,106860.0,-13.5319,0,0,17220,2026-08-25 23:41:38
441640,4,KODEX 미국배당커버드콜액티브,12790,3,0,0.0,12786.0,-2.5544,0,0,16985,2026-08-25 23:41:38
442580,4,PLUS 글로벌HBM반도체,99180,3,0,0.0,97999.0,-4.6484,0,0,16950,2026-08-25 23:41:38
305720,2,KODEX 2차전지산업,14465,3,0,0.0,14410.0,-26.4804,0,0,16722,2026-08-25 23:41:38
477080,6,RISE CD금리액티브(합성),107400,3,0,0.0,107395.0,0.7079,0,0,16661,2026-08-25 23:41:38
329200,2,TIGER 리츠부동산인프라,4120,3,0,0.0,4105.0,-1.4818,0,0,15563,2026-08-25 23:41:38
368590,4,RISE 미국나스닥100,29865,3,0,0.0,29706.0,-9.3901,0,0,15410,2026-08-25 23:41:38
446770,4,ACE 글로벌반도체TOP4 Plus,75930,3,0,0.0,75365.0,-11.0358,0,0,15338,2026-08-25 23:41:38
0177N0,7,KODEX 삼성전자SK하이닉스채권혼합50,14065,3,0,0.0,14062.0,-2.2172,0,0,15134,2026-08-25 23:41:38
453850,6,ACE 미국30년국채액티브(H),7180,3,0,0.0,7175.0,-1.0536,0,0,15078,2026-08-25 23:41:38
0193W0,2,KODEX 삼성전자단일종목레버리지,11650,3,0,0.0,11625.0,,0,0,14868,2026-08-25 23:41:38
379780,4,RISE 미국S&P500,23035,3,0,0.0,22994.0,-5.9593,0,0,14835,2026-08-25 23:41:38
152100,1,PLUS 200,108400,3,0,0.0,108213.0,-13.4378,0,0,14797,2026-08-25 23:41:38
466920,2,SOL 조선TOP3플러스,27855,3,0,0.0,27894.0,-27.593,0,0,14791,2026-08-25 23:41:38
487230,4,KODEX 미국AI전력핵심인프라,19410,3,0,0.0,19045.0,-26.7959,0,0,14655,2026-08-25 23:41:38
475630,7,TIGER CD1년금리액티브(합성),1075270,3,0,0.0,1075266.0,0.767,0,0,14492,2026-08-25 23:41:38
0195S0,2,TIGER SK하이닉스단일종목레버리지,8485,3,0,0.0,8467.0,,0,0,14028,2026-08-25 23:41:38
226490,1,KODEX 코스피,69330,3,0,0.0,69321.0,-13.66,0,0,14005,2026-08-25 23:41:38
232080,1,TIGER 코스닥150,14595,3,0,0.0,14578.0,-27.676,0,0,13597,2026-08-25 23:41:38
436140,6,SOL 종합채권(AA-이상)액티브,106065,3,0,0.0,106100.0,-0.7533,0,0,13436,2026-08-25 23:41:38
091230,2,TIGER 반도체,132205,3,0,0.0,131745.0,-18.8341,0,0,13379,2026-08-25 23:41:38
0072R0,5,TIGER KRX금현물,13885,3,0,0.0,13893.0,-4.2744,0,0,12864,2026-08-25 23:41:38
448330,1,KODEX 삼성전자채권혼합,17315,3,0,0.0,17304.0,-0.7667,0,0,12675,2026-08-25 23:41:38
157450,6,TIGER 단기통안채,112485,3,0,0.0,112485.0,0.6262,0,0,12625,2026-08-25 23:41:38
390390,4,KODEX 미국반도체,52310,3,0,0.0,51575.0,-11.3485,0,0,12528,2026-08-25 23:41:38
438080,7,ACE 미국S&P500미국채혼합50액티브,14100,3,0,0.0,14084.0,-6.9614,0,0,12352,2026-08-25 23:41:38
0183J0,4,TIGER 미국우주테크,7870,3,0,0.0,7761.0,-46.2982,0,0,11530,2026-08-25 23:41:38
469150,2,ACE AI반도체TOP3+,56795,3,0,0.0,56799.0,-22.5646,0,0,10990,2026-08-25 23:41:38
445290,2,KODEX 로봇액티브,31170,3,0,0.0,31217.0,-23.2915,0,0,10863,2026-08-25 23:41:38
0139F0,6,TIGER 12월자동연장금융채(AA-이상)액티브,102075,3,0,0.0,102071.0,0.7203,0,0,10797,2026-08-25 23:41:38
497570,4,TIGER 미국필라델피아AI반도체나스닥,21110,3,0,0.0,20866.0,-10.2169,0,0,10713,2026-08-25 23:41:38
446720,4,SOL 미국배당다우존스,14150,3,0,0.0,14165.0,-0.0058,0,0,10683,2026-08-25 23:41:38
494890,1,KODEX 200액티브,30770,3,0,0.0,30741.0,-13.4239,0,0,10616,2026-08-25 23:41:38
465580,4,ACE 미국빅테크TOP7 Plus,23965,3,0,0.0,23896.0,-8.7743,0,0,10593,2026-08-25 23:41:38
449450,2,PLUS K방산,53640,3,0,0.0,53585.0,-25.4845,0,0,10487,2026-08-25 23:41:38
479520,6,RISE KOFR금리액티브(합성),106305,3,0,0.0,106304.0,0.6628,0,0,10319,2026-08-25 23:41:38
356540,6,ACE 종합채권(AA-이상)액티브,101150,3,0,0.0,101183.0,-0.6776,0,0,10284,2026-08-25 23:41:38
449180,4,KODEX 미국S&P500(H),17120,3,0,0.0,17079.0,2.4552,0,0,10186,2026-08-25 23:41:38
455850,2,SOL AI반도체소부장,24080,3,0,0.0,24048.0,-24.7618,0,0,10162,2026-08-25 23:41:38
451540,6,TIGER 종합채권(AA-이상)액티브,52760,3,0,0.0,52784.0,-0.8364,0,0,10159,2026-08-25 23:41:38
469830,6,SOL 초단기채권액티브,54340,3,0,0.0,54340.0,0.835,0,0,10094,2026-08-25 23:41:38
494300,4,KODEX 미국나스닥100데일리커버드콜OTM,9115,3,0,0.0,9065.0,-12.8633,0,0,9917,2026-08-25 23:41:38
402970,4,ACE 미국배당다우존스,15690,3,0,0.0,15703.0,0.0627,0,0,9885,2026-08-25 23:41:38
295040,1,SOL 200TR,40020,3,0,0.0,39988.0,-13.3954,0,0,9845,2026-08-25 23:41:38
315930,2,KODEX Top5PlusTR,80285,3,0,0.0,80430.0,-11.5464,0,0,9714,2026-08-25 23:41:38
237350,1,KODEX 코스피100,85115,3,0,0.0,85148.0,-13.1097,0,0,9703,2026-08-25 23:41:38
494310,2,KODEX 반도체레버리지,74890,3,0,0.0,74815.0,-51.1545,0,0,9698,2026-08-25 23:41:38
479080,6,1Q 머니마켓액티브,53730,3,0,0.0,53726.0,0.854,0,0,9697,2026-08-25 23:41:38
495050,1,RISE 코리아밸류업,32040,3,0,0.0,32065.0,-12.5553,0,0,9532,2026-08-25 23:41:38
0117V0,2,TIGER 코리아AI전력기기TOP3플러스,17770,3,0,0.0,17747.0,-36.5033,0,0,9489,2026-08-25 23:41:38
438100,7,ACE 미국나스닥100미국채혼합50액티브,15180,3,0,0.0,15161.0,-8.5543,0,0,9321,2026-08-25 23:41:38
0117L0,6,KODEX 26-12 금융채(AA-이상)액티브,10155,3,0,0.0,10150.0,0.6442,0,0,9224,2026-08-25 23:41:38
305540,2,TIGER 2차전지테마,18280,3,0,0.0,18211.0,-25.2811,0,0,9103,2026-08-25 23:41:38
0195R0,2,TIGER 삼성전자단일종목레버리지,10600,3,0,0.0,10586.0,,0,0,8846,2026-08-25 23:41:38
487340,6,ACE 머니마켓액티브,105780,3,0,0.0,105786.0,0.8533,0,0,8285,2026-08-25 23:41:38
498410,2,KODEX 금융고배당TOP10타겟위클리커버드콜,11665,3,0,0.0,11691.0,-1.937,0,0,8282,2026-08-25 23:41:38
475720,3,RISE 200위클리커버드콜,12675,3,0,0.0,12669.0,-12.3165,0,0,8201,2026-08-25 23:41:38
144600,5,KODEX 은선물(H),11145,3,0,0.0,11122.0,-11.266,0,0,8192,2026-08-25 23:41:38
0048J0,6,KODEX 미국머니마켓액티브,13865,3,0,0.0,13866.0,-7.7092,0,0,8169,2026-08-25 23:41:38
153130,6,KODEX 단기채권,113245,3,0,0.0,113240.0,0.6335,0,0,8027,2026-08-25 23:41:38
0177R0,2,TIGER 반도체TOP10커버드콜액티브,10990,3,0,0.0,10975.0,-17.5508,0,0,7902,2026-08-25 23:41:38
476550,6,TIGER 미국30년국채커버드콜액티브(H),6860,3,0,0.0,6851.0,-1.2717,0,0,7817,2026-08-25 23:41:38
0025N0,7,TIGER TDF2045 적격,12045,3,0,0.0,12034.0,-4.8203,0,0,7811,2026-08-25 23:41:38
441800,1,TIME Korea플러스배당액티브,28505,3,0,0.0,28589.0,-17.6475,0,0,7810,2026-08-25 23:41:38
466940,2,TIGER 은행고배당플러스TOP10,25865,3,0,0.0,26028.0,1.8194,0,0,7785,2026-08-25 23:41:38
252670,3,KODEX 200선물인버스2X,78,3,0,0.0,78.0,-23.5295,0,0,7722,2026-08-25 23:41:38
481060,6,KODEX 미국30년국채타겟커버드콜(합성 H),7450,3,0,0.0,7461.0,-0.4057,0,0,7685,2026-08-25 23:41:38
114800,3,KODEX 인버스,1032,3,0,0.0,1034.0,-3.2803,0,0,7646,2026-08-25 23:41:38
490590,4,RISE 미국AI밸류체인데일리고정커버드콜,14075,3,0,0.0,13948.0,-10.0504,0,0,7643,2026-08-25 23:41:38
457480,4,ACE 테슬라밸류체인액티브,18525,3,0,0.0,18415.0,-24.6186,0,0,7642,2026-08-25 23:41:38
371460,4,TIGER 차이나전기차SOLACTIVE,10400,3,0,0.0,10434.0,-26.0576,0,0,7534,2026-08-25 23:41:38
272580,6,TIGER 단기채권액티브,57060,3,0,0.0,57060.0,0.6526,0,0,7455,2026-08-25 23:41:38
069660,1,KIWOOM 200,106600,3,0,0.0,106572.0,-13.3691,0,0,7409,2026-08-25 23:41:38
458760,4,TIGER 미국배당다우존스타겟커버드콜2호,11360,3,0,0.0,11375.0,0.7541,0,0,7242,2026-08-25 23:41:38
0061Z0,6,RISE 단기특수은행채액티브,50965,3,0,0.0,50965.0,0.7213,0,0,7187,2026-08-25 23:41:38
102970,2,KODEX 증권,18475,3,0,0.0,18538.0,-33.325,0,0,7113,2026-08-25 23:41:38
462330,2,KODEX 2차전지산업레버리지,1009,3,0,0.0,1010.0,-53.927,0,0,7112,2026-08-25 23:41:38
138540,2,TIGER 현대차그룹플러스,52805,3,0,0.0,53019.0,-24.961,0,0,6896,2026-08-25 23:41:38
456610,6,TIGER 미국달러SOFR금리액티브(합성),60110,3,0,0.0,60142.0,-7.7148,0,0,6822,2026-08-25 23:41:38
0127P0,4,ACE 미국대형성장주액티브,10515,3,0,0.0,10442.0,-9.302,0,0,6814,2026-08-25 23:41:38
434730,2,HANARO 원자력iSelect,57360,3,0,0.0,57250.0,-29.4292,0,0,6768,2026-08-25 23:41:38
495850,1,KODEX 코리아밸류업,31820,3,0,0.0,31853.0,-12.697,0,0,6762,2026-08-25 23:41:38
364980,2,TIGER 2차전지TOP10,10125,3,0,0.0,10086.0,-21.6938,0,0,6728,2026-08-25 23:41:38
367760,2,RISE 네트워크인프라,57300,3,0,0.0,57281.0,-15.1866,0,0,6704,2026-08-25 23:41:38
0167B0,2,SOL 200타겟위클리커버드콜,11780,3,0,0.0,11736.0,-13.1556,0,0,6632,2026-08-25 23:41:38
0219E0,2,KODEX 200커버드콜액티브,8450,3,0,0.0,8395.0,,0,0,6599,2026-08-25 23:41:38
290130,2,RISE ESG사회책임투자,46405,3,0,0.0,46347.0,-12.4434,0,0,6543,2026-08-25 23:41:38
482730,4,TIGER 미국S&P500타겟데일리커버드콜,11925,3,0,0.0,11897.0,-6.0896,0,0,6511,2026-08-25 23:41:38
314250,4,KODEX 미국빅테크10(H),61275,3,0,0.0,61127.0,4.5257,0,0,6501,2026-08-25 23:41:38
418660,4,TIGER 미국나스닥100레버리지(합성),39530,3,0,0.0,39092.0,-20.093,0,0,6325,2026-08-25 23:41:38
385560,6,RISE KIS국고채30년Enhanced,51185,3,0,0.0,51215.0,-9.4472,0,0,6314,2026-08-25 23:41:38
434060,7,KODEX TDF2050액티브 적격,16770,3,0,0.0,16765.0,-8.8263,0,0,6297,2026-08-25 23:41:38
0148J0,2,TIGER 코리아휴머노이드로봇산업,9225,3,0,0.0,9222.0,-30.7433,0,0,6264,2026-08-25 23:41:38
329750,6,TIGER 미국달러단기채권액티브,13090,3,0,0.0,13095.0,-7.8494,0,0,6261,2026-08-25 23:41:38
491010,4,TIGER 글로벌AI전력인프라액티브,24515,3,0,0.0,24174.0,-26.9409,0,0,6185,2026-08-25 23:41:38
489250,4,KODEX 미국배당다우존스,13270,3,0,0.0,13290.0,0.0369,0,0,6171,2026-08-25 23:41:38
484790,6,KODEX 미국30년국채액티브(H),8285,3,0,0.0,8277.0,-0.7431,0,0,6007,2026-08-25 23:41:38
251600,7,PLUS 고배당주채권혼합,15425,3,0,0.0,15462.0,-2.545,0,0,5954,2026-08-25 23:41:38
0101N0,2,RISE AI전력인프라,18885,3,0,0.0,18863.0,-30.4292,0,0,5949,2026-08-25 23:41:38
0015B0,4,KoAct 미국나스닥성장기업액티브,17910,3,0,0.0,17669.0,-23.9168,0,0,5848,2026-08-25 23:41:38
277630,1,TIGER 코스피,70350,3,0,0.0,70343.0,-13.6521,0,0,5804,2026-08-25 23:41:38
494670,2,TIGER 조선TOP10,22060,3,0,0.0,22114.0,-26.8932,0,0,5703,2026-08-25 23:41:38
371160,4,TIGER 차이나항셍테크,6970,3,0,0.0,6975.0,-13.7763,0,0,5688,2026-08-25 23:41:38
488080,3,TIGER 반도체TOP10레버리지,32305,3,0,0.0,32290.0,-60.1911,0,0,5686,2026-08-25 23:41:38
0091P0,2,TIGER 코리아원자력,16800,3,0,0.0,16801.0,-25.6638,0,0,5662,2026-08-25 23:41:38
423920,4,TIGER 미국필라델피아반도체레버리지(합성),80410,3,0,0.0,77973.0,-32.0768,0,0,5645,2026-08-25 23:41:38
0019K0,7,TIME 미국나스닥100채권혼합50액티브,13135,3,0,0.0,13046.0,-8.1148,0,0,5602,2026-08-25 23:41:38
466950,4,TIGER 글로벌AI액티브,29935,3,0,0.0,29568.0,-21.6157,0,0,5601,2026-08-25 23:41:38
449190,4,KODEX 미국나스닥100(H),21960,3,0,0.0,21843.0,-1.4271,0,0,5600,2026-08-25 23:41:38
477050,6,PLUS 머니마켓액티브,53485,3,0,0.0,53487.0,0.8389,0,0,5593,2026-08-25 23:41:38
396520,4,TIGER 차이나반도체FACTSET,13405,3,0,0.0,13400.0,-17.7608,0,0,5528,2026-08-25 23:41:38
491620,4,RISE 미국테크100데일리고정커버드콜,10595,3,0,0.0,10559.0,-8.3342,0,0,5472,2026-08-25 23:41:38
0007F0,6,KODEX 27-12 회사채(AA-이상)액티브,10175,3,0,0.0,10185.0,0.4442,0,0,5464,2026-08-25 23:41:38
455030,6,KODEX 미국달러SOFR금리액티브(합성),11935,3,0,0.0,11917.0,-7.755,0,0,5420,2026-08-25 23:41:38
0105E0,2,SOL 코리아고배당,12945,3,0,0.0,12957.0,-5.7245,0,0,5385,2026-08-25 23:41:38
438330,6,TIGER 우량회사채액티브,115630,3,0,0.0,115675.0,0.8196,0,0,5376,2026-08-25 23:41:38
365780,6,ACE 국고채10년,82560,3,0,0.0,82522.0,-0.1814,0,0,5256,2026-08-25 23:41:38
0190C0,2,RISE 현대차고정피지컬AI,8730,3,0,0.0,8733.0,-28.089,0,0,5247,2026-08-25 23:41:38
463250,2,TIGER K방산&우주,34390,3,0,0.0,34533.0,-24.9946,0,0,5210,2026-08-25 23:41:38
462010,2,TIGER 2차전지소재Fn,4780,3,0,0.0,4784.0,-35.5361,0,0,5177,2026-08-25 23:41:38
496080,1,TIGER 코리아밸류업,31950,3,0,0.0,31938.0,-12.3435,0,0,5144,2026-08-25 23:41:38
444200,2,SOL 코리아메가테크액티브,45450,3,0,0.0,45275.0,-20.7153,0,0,5136,2026-08-25 23:41:38
114260,6,KODEX 국고채3년,61845,3,0,0.0,61813.0,0.8808,0,0,5123,2026-08-25 23:41:38
315960,2,RISE 대형고배당10TR,76930,3,0,0.0,76846.0,-14.0207,0,0,5077,2026-08-25 23:41:38
251350,4,KODEX MSCI선진국,39390,3,0,0.0,39255.0,-4.9512,0,0,5042,2026-08-25 23:41:38
435420,7,TIGER 미국나스닥100채권혼합50,14000,3,0,0.0,13965.0,-4.3901,0,0,4963,2026-08-25 23:41:38
476800,7,KODEX 한국부동산리츠인프라,4245,3,0,0.0,4267.0,-4.6478,0,0,4865,2026-08-25 23:41:38
361580,1,RISE 200TR,60660,3,0,0.0,60604.0,-13.4665,0,0,4853,2026-08-25 23:41:38
490490,7,SOL 미국배당미국채혼합50,11300,3,0,0.0,11272.0,-3.8673,0,0,4848,2026-08-25 23:41:38
499660,7,TIGER CD금리플러스액티브(합성),1002245,3,0,0.0,1002244.0,0.7654,0,0,4797,2026-08-25 23:41:38
471230,6,KODEX 국고채10년액티브,103955,3,0,0.0,103871.0,-0.2495,0,0,4691,2026-08-25 23:41:38
448290,4,TIGER 미국S&P500(H),17750,3,0,0.0,17708.0,2.2485,0,0,4597,2026-08-25 23:41:38
0163Y0,1,KoAct 코스닥액티브,8920,3,0,0.0,8937.0,-32.501,0,0,4580,2026-08-25 23:41:38
483280,4,KODEX 미국AI테크TOP10타겟커버드콜,11565,3,0,0.0,11509.0,-12.8994,0,0,4568,2026-08-25 23:41:38
473290,6,KODEX 26-12 회사채(AA-이상)액티브,10875,3,0,0.0,10876.0,0.62,0,0,4500,2026-08-25 23:41:38
451000,6,PLUS 종합채권(AA-이상)액티브,107165,3,0,0.0,107129.0,-0.787,0,0,4498,2026-08-25 23:41:38
243880,2,TIGER 200IT레버리지,315495,3,0,0.0,316959.0,-45.075,0,0,4496,2026-08-25 23:41:38
447770,7,TIGER 테슬라채권혼합Fn,13755,3,0,0.0,13725.0,-6.3213,0,0,4388,2026-08-25 23:41:38
293180,1,HANARO 200,107055,3,0,0.0,106906.0,-13.2477,0,0,4336,2026-08-25 23:41:38
451060,1,1Q 200액티브,34190,3,0,0.0,34156.0,-13.8105,0,0,4308,2026-08-25 23:41:38
148070,6,KIWOOM 국고채10년,104605,3,0,0.0,104583.0,-0.1766,0,0,4237,2026-08-25 23:41:38
0016X0,6,SOL 중단기회사채(A-이상)액티브,51470,3,0,0.0,51464.0,0.8721,0,0,4227,2026-08-25 23:41:38
091180,2,KODEX 자동차,29335,3,0,0.0,29367.0,-22.4863,0,0,4166,2026-08-25 23:41:38
474220,4,TIGER 미국테크TOP10타겟커버드콜,14730,3,0,0.0,14683.0,-10.8058,0,0,4139,2026-08-25 23:41:38
0023A0,4,SOL 미국양자컴퓨팅TOP10,24270,3,0,0.0,23976.0,-33.434,0,0,4077,2026-08-25 23:41:38
480260,6,TIGER 27-04회사채(A+이상)액티브,53780,3,0,0.0,53790.0,0.6268,0,0,4052,2026-08-25 23:41:38
0060H0,1,TIGER 토탈월드스탁액티브,12785,3,0,0.0,12747.0,-5.6925,0,0,3976,2026-08-25 23:41:38
241180,4,TIGER 일본니케이225,34650,3,0,0.0,34575.0,-4.8077,0,0,3950,2026-08-25 23:41:38
426020,4,TIME 미국S&P500액티브,31750,3,0,0.0,31593.0,-9.441,0,0,3937,2026-08-25 23:41:38
471990,2,KODEX AI반도체핵심장비,23925,3,0,0.0,23838.0,-22.4234,0,0,3936,2026-08-25 23:41:38
385720,1,TIME 코스피액티브,25145,3,0,0.0,25181.0,-15.8327,0,0,3897,2026-08-25 23:41:38
0173Y0,4,KODEX 미국AI광통신네트워크,10850,3,0,0.0,10583.0,-29.2558,0,0,3841,2026-08-25 23:41:38
458250,6,TIGER 미국30년국채스트립액티브(합성 H),34480,3,0,0.0,34399.0,-3.0372,0,0,3835,2026-08-25 23:41:38
462900,2,KoAct 바이오헬스케어액티브,14500,3,0,0.0,14531.0,-23.9644,0,0,3828,2026-08-25 23:41:38
469070,2,RISE AI&로봇,11325,3,0,0.0,11367.0,-27.6589,0,0,3788,2026-08-25 23:41:38
302450,1,RISE 코스피,69785,3,0,0.0,69874.0,-14.3574,0,0,3768,2026-08-25 23:41:38
0131V0,4,1Q 미국우주항공테크,11610,3,0,0.0,11514.0,-22.8316,0,0,3767,2026-08-25 23:41:38
132030,5,KODEX 골드선물(H),26095,3,0,0.0,26054.0,1.9335,0,0,3732,2026-08-25 23:41:38
0162M0,6,KODEX 금융채1~2년(AA-이상)PLUS액티브,10055,3,0,0.0,10066.0,0.55,0,0,3726,2026-08-25 23:41:38
484880,2,SOL 금융지주플러스고배당,22035,3,0,0.0,22144.0,1.8842,0,0,3724,2026-08-25 23:41:38
496020,6,WON 전단채플러스액티브,52420,3,0,0.0,52429.0,0.895,0,0,3713,2026-08-25 23:41:38
439860,6,KODEX ESG종합채권(A-이상)액티브,113645,3,0,0.0,113657.0,0.5263,0,0,3684,2026-08-25 23:41:38
0040Y0,7,SOL 팔란티어커버드콜OTM채권혼합,8230,3,0,0.0,8209.0,-0.3141,0,0,3609,2026-08-25 23:41:38
0167Z0,4,KODEX 미국우주항공,7935,3,0,0.0,7834.0,-40.1838,0,0,3606,2026-08-25 23:41:38
476760,6,ACE 미국30년국채액티브,8980,3,0,0.0,8977.0,-9.4363,0,0,3601,2026-08-25 23:41:38
439870,6,KODEX 국고채30년액티브,86400,3,0,0.0,86468.0,-7.5837,0,0,3599,2026-08-25 23:41:38
310960,1,TIGER 200TR,62315,3,0,0.0,62259.0,-13.4514,0,0,3552,2026-08-25 23:41:38
0080G0,2,KODEX 방산TOP10,10450,3,0,0.0,10481.0,-24.0661,0,0,3532,2026-08-25 23:41:38
0043Y0,4,TIME 차이나AI테크액티브,19810,3,0,0.0,19847.0,-14.2239,0,0,3506,2026-08-25 23:41:38
0046A0,6,TIGER 미국초단기(3개월이하)국채,9595,3,0,0.0,9603.0,-8.0412,0,0,3483,2026-08-25 23:41:38
0144L0,4,KODEX 미국성장커버드콜액티브,9570,3,0,0.0,9517.0,-9.5947,0,0,3464,2026-08-25 23:41:38
453810,4,KODEX 인도Nifty50,11740,3,0,0.0,11796.0,-7.0659,0,0,3463,2026-08-25 23:41:38
385550,6,RISE 단기채권알파액티브,114080,3,0,0.0,114070.0,0.6973,0,0,3454,2026-08-25 23:41:38
448300,4,TIGER 미국나스닥100(H),22680,3,0,0.0,22556.0,-1.4038,0,0,3447,2026-08-25 23:41:38
279530,2,KODEX 고배당주,17545,3,0,0.0,17585.0,-3.8595,0,0,3421,2026-08-25 23:41:38
0052D0,2,TIGER 코리아배당다우존스,15415,3,0,0.0,15488.0,-6.9387,0,0,3407,2026-08-25 23:41:38
442570,7,RISE TDF2050액티브 적격,17490,3,0,0.0,17299.0,-5.538,0,0,3402,2026-08-25 23:41:38
474590,2,WON 반도체밸류체인액티브,42655,3,0,0.0,42574.0,-12.1603,0,0,3370,2026-08-25 23:41:38
0026S0,4,1Q 미국S&P500,12880,3,0,0.0,12869.0,-6.119,0,0,3362,2026-08-25 23:41:38
456880,7,ACE 미국달러SOFR금리(합성),12170,3,0,0.0,12179.0,-7.8031,0,0,3356,2026-08-25 23:41:38
0182R0,2,1Q K반도체TOP2+,10275,3,0,0.0,10255.0,-26.5285,0,0,3339,2026-08-25 23:41:38
472170,7,TIGER 미국테크TOP10채권혼합,13790,3,0,0.0,13763.0,-6.3498,0,0,3330,2026-08-25 23:41:38
0228G0,2,ACE 반도체Plus전략산업,10185,3,0,0.0,10205.0,,0,0,3310,2026-08-25 23:41:38
270810,1,RISE 코스닥150,14220,3,0,0.0,14228.0,-27.6704,0,0,3251,2026-08-25 23:41:38
448630,7,RISE 삼성그룹Top3채권혼합,15255,3,0,0.0,15279.0,-0.3918,0,0,3249,2026-08-25 23:41:38
0052S0,7,1Q 미국S&P500미국채혼합50액티브,11590,3,0,0.0,11585.0,-7.1092,0,0,3234,2026-08-25 23:41:38
385510,2,KODEX 신재생에너지액티브,38340,3,0,0.0,38193.0,-29.3988,0,0,3221,2026-08-25 23:41:38
0119H0,6,KODEX 28-12 회사채(AA-이상)액티브,9930,3,0,0.0,9926.0,0.6079,0,0,3216,2026-08-25 23:41:38
0111P0,7,1Q 미국나스닥100미국채혼합50액티브,10770,3,0,0.0,10748.0,-8.7519,0,0,3037,2026-08-25 23:41:38
0210A0,2,ACE K반도체TOP2+,7005,3,0,0.0,7000.0,,0,0,3033,2026-08-25 23:41:38
489030,2,PLUS 고배당주위클리커버드콜,6530,3,0,0.0,6561.0,-9.2029,0,0,3020,2026-08-25 23:41:38
0008S0,4,TIGER 미국배당다우존스타겟데일리커버드콜,10245,3,0,0.0,10255.0,-0.1008,0,0,2986,2026-08-25 23:41:38
190620,6,ACE 단기통안채,101945,3,0,0.0,101946.0,0.6516,0,0,2959,2026-08-25 23:41:38
485540,4,KODEX 미국AI테크TOP10,14810,3,0,0.0,14744.0,-13.1998,0,0,2955,2026-08-25 23:41:38
136340,6,RISE 중기우량회사채,104315,3,0,0.0,104327.0,0.7077,0,0,2954,2026-08-25 23:41:38
433330,4,SOL 미국S&P500,22030,3,0,0.0,21985.0,-5.9724,0,0,2952,2026-08-25 23:41:38
454780,6,KIWOOM 종합채권(AA-이상)액티브,99430,3,0,0.0,99468.0,-0.9908,0,0,2898,2026-08-25 23:41:38
475080,7,KODEX 테슬라커버드콜채권혼합액티브,7940,3,0,0.0,7922.0,-5.6575,0,0,2894,2026-08-25 23:41:38
453870,4,TIGER 인도니프티50,11530,3,0,0.0,11562.0,-7.453,0,0,2877,2026-08-25 23:41:38
483320,4,ACE 엔비디아밸류체인액티브,23750,3,0,0.0,23498.0,-13.131,0,0,2874,2026-08-25 23:41:38
461490,7,RISE 글로벌자산배분액티브,14805,3,0,0.0,14805.0,-2.5987,0,0,2857,2026-08-25 23:41:38
475300,2,SOL 반도체전공정,21430,3,0,0.0,21397.0,-16.1253,0,0,2829,2026-08-25 23:41:38
473330,6,SOL 미국30년국채커버드콜(합성),8075,3,0,0.0,8091.0,-9.4877,0,0,2818,2026-08-25 23:41:38
441680,7,TIGER 미국나스닥100커버드콜(합성),10715,3,0,0.0,10807.0,-4.8787,0,0,2818,2026-08-25 23:41:38
0038A0,4,KODEX 미국휴머노이드로봇,14775,3,0,0.0,14682.0,-19.9511,0,0,2807,2026-08-25 23:41:38
273140,6,KODEX 단기변동금리부채권액티브,114610,3,0,0.0,114610.0,0.6229,0,0,2803,2026-08-25 23:41:38
091170,2,KODEX 은행,15835,3,0,0.0,15930.0,4.2619,0,0,2795,2026-08-25 23:41:38
0094K0,6,TIGER 28-04 회사채(A+이상)액티브,99670,3,0,0.0,99647.0,0.8703,0,0,2784,2026-08-25 23:41:38
481190,4,SOL 미국테크TOP10,16455,3,0,0.0,16394.0,-13.1434,0,0,2781,2026-08-25 23:41:38
307520,2,TIGER 지주회사,21640,3,0,0.0,21770.0,-16.7015,0,0,2770,2026-08-25 23:41:38
364970,2,TIGER 바이오TOP10,7605,3,0,0.0,7616.0,-0.8475,0,0,2761,2026-08-25 23:41:38
0098F0,2,KODEX 원자력SMR,15730,3,0,0.0,15757.0,-24.1014,0,0,2737,2026-08-25 23:41:38
497880,6,SOL CD금리&머니마켓액티브,50155,3,0,0.0,50153.0,0.8524,0,0,2675,2026-08-25 23:41:38
471780,2,TIGER 코리아테크액티브,34585,3,0,0.0,34519.0,-17.9089,0,0,2660,2026-08-25 23:41:38
213610,2,KODEX 삼성그룹밸류,21960,3,0,0.0,22071.0,-8.4237,0,0,2613,2026-08-25 23:41:38
0162Y0,1,TIME 코스닥액티브,7420,3,0,0.0,7457.0,-35.7576,0,0,2593,2026-08-25 23:41:38
0053L0,4,TIGER 차이나휴머노이드로봇,9665,3,0,0.0,9648.0,-31.6554,0,0,2590,2026-08-25 23:41:38
196230,6,RISE 단기통안채,116865,3,0,0.0,116886.0,0.5982,0,0,2576,2026-08-25 23:41:38
123320,3,TIGER 레버리지,106205,3,0,0.0,106095.0,-37.9463,0,0,2549,2026-08-25 23:41:38
228790,2,TIGER 화장품,4860,3,0,0.0,4862.0,31.3513,0,0,2546,2026-08-25 23:41:38
423170,4,SOL 글로벌AI반도체탑픽액티브,56115,3,0,0.0,55743.0,-9.754,0,0,2536,2026-08-25 23:41:38
472920,6,HK 종합채권(AA-이상)액티브,97955,3,0,0.0,97957.0,-0.7297,0,0,2526,2026-08-25 23:41:38
409820,4,KODEX 미국나스닥100레버리지(합성 H),19580,3,0,0.0,19365.0,-4.7202,0,0,2526,2026-08-25 23:41:38
421320,2,PLUS 우주항공,27300,3,0,0.0,27370.0,-41.4854,0,0,2525,2026-08-25 23:41:38
283580,4,KODEX 차이나CSI300,15165,3,0,0.0,15173.0,-12.0045,0,0,2525,2026-08-25 23:41:38
471040,4,KoAct 글로벌AI&로봇액티브,27900,3,0,0.0,27519.0,-22.078,0,0,2525,2026-08-25 23:41:38
139230,2,TIGER 200 중공업,12855,3,0,0.0,12881.0,-29.3395,0,0,2517,2026-08-25 23:41:38
478150,4,TIME 글로벌우주테크&방산액티브,19735,3,0,0.0,19664.0,-17.1495,0,0,2516,2026-08-25 23:41:38
495230,1,KoAct 코리아밸류업액티브,30850,3,0,0.0,30787.0,-16.0555,0,0,2483,2026-08-25 23:41:38
0183V0,7,KIWOOM 삼성전자&SK하이닉스채권혼합50,11690,3,0,0.0,11680.0,-1.977,0,0,2455,2026-08-25 23:41:38
483340,4,ACE 구글밸류체인액티브,21610,3,0,0.0,21370.0,-17.8327,0,0,2442,2026-08-25 23:41:38
245710,4,ACE 베트남VN30(합성),28860,3,0,0.0,28922.0,-10.0655,0,0,2424,2026-08-25 23:41:38
261260,7,KODEX 미국달러선물인버스2X,5305,3,0,0.0,5304.0,18.68,0,0,2378,2026-08-25 23:41:38
363570,6,KODEX 장기종합채권(AA-이상)액티브,86075,3,0,0.0,86163.0,-2.7951,0,0,2358,2026-08-25 23:41:38
493810,4,TIGER 미국AI빅테크10타겟데일리커버드콜,11225,3,0,0.0,11190.0,-11.4519,0,0,2352,2026-08-25 23:41:38
388420,2,RISE 비메모리반도체액티브,26350,3,0,0.0,26349.0,-25.1168,0,0,2350,2026-08-25 23:41:38
452360,4,SOL 미국배당다우존스(H),13810,3,0,0.0,13772.0,9.4132,0,0,2334,2026-08-25 23:41:38
363580,2,KODEX 200IT TR,54180,3,0,0.0,54184.0,-11.5934,0,0,2330,2026-08-25 23:41:38
329650,7,KODEX TRF3070,14100,3,0,0.0,14127.0,-2.3816,0,0,2327,2026-08-25 23:41:38
0182S0,7,1Q K반도체TOP2채권혼합50,12315,3,0,0.0,12340.0,-3.7515,0,0,2315,2026-08-25 23:41:38
157500,2,TIGER 증권,12560,3,0,0.0,12613.0,-32.7915,0,0,2311,2026-08-25 23:41:38
448540,7,ACE 엔비디아채권혼합,26170,3,0,0.0,26063.0,-3.5563,0,0,2303,2026-08-25 23:41:38
437080,6,KODEX 미국종합채권ESG액티브(H),97245,3,0,0.0,97157.0,-0.3641,0,0,2290,2026-08-25 23:41:38
0092C0,6,SOL 27-12 회사채(AA-이상)액티브,50255,3,0,0.0,50253.0,0.7518,0,0,2287,2026-08-25 23:41:38
442320,4,RISE 글로벌원자력,35880,3,0,0.0,35640.0,-22.3968,0,0,2257,2026-08-25 23:41:38
458260,6,TIGER 미국투자등급회사채액티브(H),46405,3,0,0.0,46412.0,-0.971,0,0,2237,2026-08-25 23:41:38
488980,6,SOL 26-12 회사채(AA-이상)액티브,52090,3,0,0.0,52094.0,0.6959,0,0,2235,2026-08-25 23:41:38
472160,4,TIGER 미국테크TOP10 INDXX(H),18400,3,0,0.0,18329.0,-5.7619,0,0,2226,2026-08-25 23:41:38
463050,2,TIME K바이오액티브,13115,3,0,0.0,13084.0,-19.7369,0,0,2223,2026-08-25 23:41:38
0089D0,2,KODEX 금융고배당TOP10,13125,3,0,0.0,13170.0,-0.7895,0,0,2218,2026-08-25 23:41:38
244580,2,KODEX 바이오,8555,3,0,0.0,8556.0,-23.8202,0,0,2217,2026-08-25 23:41:38
486450,4,SOL 미국AI전력인프라,19585,3,0,0.0,19303.0,-22.2509,0,0,2203,2026-08-25 23:41:38
466930,2,SOL 자동차TOP3플러스,26770,3,0,0.0,26810.0,-18.9525,0,0,2195,2026-08-25 23:41:38
0204D0,2,KODEX 현대차로보틱스밸류체인TOP3플러스,6700,3,0,0.0,6707.0,,0,0,2184,2026-08-25 23:41:38
498270,4,KIWOOM 미국양자컴퓨팅,14595,3,0,0.0,14454.0,-16.6582,0,0,2175,2026-08-25 23:41:38
305080,6,TIGER 미국채10년선물,12325,3,0,0.0,12336.0,-9.0406,0,0,2169,2026-08-25 23:41:38
0094M0,2,RISE 코리아밸류업위클리고정커버드콜,17660,3,0,0.0,17685.0,-9.9694,0,0,2163,2026-08-25 23:41:38
0104N0,2,TIGER 200타겟위클리커버드콜,20455,3,0,0.0,20592.0,-13.9918,0,0,2127,2026-08-25 23:41:38
422420,2,RISE 2차전지액티브,6555,3,0,0.0,6554.0,-34.2536,0,0,2119,2026-08-25 23:41:38
414780,4,TIGER 차이나과창판STAR50(합성),13605,3,0,0.0,13627.0,-17.0427,0,0,2116,2026-08-25 23:41:38
433500,2,ACE 원자력TOP10,55405,3,0,0.0,55600.0,-30.0177,0,0,2105,2026-08-25 23:41:38
0233J0,7,TIGER 삼성전자SK하이닉스미국채혼합50,10370,3,0,0.0,10382.0,,0,0,2074,2026-08-25 23:41:38
495060,1,TIME 코리아밸류업액티브,28360,3,0,0.0,28255.0,-18.4472,0,0,2070,2026-08-25 23:41:38
266160,2,RISE 고배당,32580,3,0,0.0,32553.0,-9.8467,0,0,2069,2026-08-25 23:41:38
490090,4,TIGER 미국AI빅테크10,15630,3,0,0.0,15585.0,-10.864,0,0,2063,2026-08-25 23:41:38
332930,1,HANARO 200TR,140090,3,0,0.0,139966.0,-13.2973,0,0,2031,2026-08-25 23:41:38
267770,3,TIGER 200선물레버리지,80805,3,0,0.0,80818.0,-38.425,0,0,2020,2026-08-25 23:41:38
0115D0,2,KODEX 조선TOP10,7775,3,0,0.0,7781.0,-26.408,0,0,2006,2026-08-25 23:41:38
0047A0,4,TIGER 차이나테크TOP10,13020,3,0,0.0,13020.0,-13.5459,0,0,1973,2026-08-25 23:41:38
0005A0,4,KODEX 미국S&P500데일리커버드콜OTM,9540,3,0,0.0,9508.0,-6.7256,0,0,1965,2026-08-25 23:41:38
0151S0,4,KODEX 미국AI반도체TOP3플러스,14410,3,0,0.0,14202.0,-15.9177,0,0,1960,2026-08-25 23:41:38
394670,4,TIGER 글로벌리튬&2차전지SOLACTIVE(합성),11600,3,0,0.0,11697.0,-18.137,0,0,1953,2026-08-25 23:41:38
429000,4,TIGER 미국S&P500배당귀족,13880,3,0,0.0,13843.0,1.4456,0,0,1950,2026-08-25 23:41:38
302190,6,TIGER 중장기국채,50120,3,0,0.0,50105.0,0.3102,0,0,1935,2026-08-25 23:41:38
0069M0,4,1Q 미국나스닥100,13395,3,0,0.0,13329.0,-9.5218,0,0,1929,2026-08-25 23:41:38
0192Z0,6,TIGER 중기종합채권(A-이상)액티브,100930,3,0,0.0,100942.0,0.8442,0,0,1928,2026-08-25 23:41:38
495550,1,SOL 코리아밸류업TR,32635,3,0,0.0,32574.0,-12.5068,0,0,1909,2026-08-25 23:41:38
0091C0,6,KODEX 미국10년국채액티브(H),9580,3,0,0.0,9581.0,-0.3644,0,0,1907,2026-08-25 23:41:38
117700,2,KODEX 건설,6705,3,0,0.0,6682.0,-20.2796,0,0,1904,2026-08-25 23:41:38
433980,7,KODEX TDF2040액티브 적격,15870,3,0,0.0,15826.0,-4.2842,0,0,1896,2026-08-25 23:41:38
480040,4,ACE 미국반도체데일리타겟커버드콜(합성),14355,3,0,0.0,14167.0,-18.7025,0,0,1895,2026-08-25 23:41:38
486830,6,HANARO 머니마켓액티브,53260,3,0,0.0,53259.0,0.833,0,0,1869,2026-08-25 23:41:38
0082V0,7,KODEX TDF2060액티브 적격,11250,3,0,0.0,11222.0,-8.4772,0,0,1862,2026-08-25 23:41:38
483290,4,KODEX 미국배당다우존스타겟커버드콜,10660,3,0,0.0,10670.0,0.2798,0,0,1844,2026-08-25 23:41:38
233160,3,TIGER 코스닥150 레버리지,7995,3,0,0.0,8010.0,-55.4224,0,0,1811,2026-08-25 23:41:38
463290,6,1Q 단기금융채액티브,109200,3,0,0.0,109202.0,0.7705,0,0,1806,2026-08-25 23:41:38
122090,1,PLUS 코스피50,80190,3,0,0.0,80189.0,-12.7585,0,0,1804,2026-08-25 23:41:38
494330,2,ACE 라이프자산주주가치액티브,32705,3,0,0.0,32733.0,4.2553,0,0,1766,2026-08-25 23:41:38
473460,4,KODEX 미국서학개미,23040,3,0,0.0,22863.0,-16.4479,0,0,1763,2026-08-25 23:41:38
0099L0,6,ACE 우량회사채(AA-이상)액티브,99645,3,0,0.0,99691.0,0.9267,0,0,1748,2026-08-25 23:41:38
0040X0,7,SOL 팔란티어미국채커버드콜혼합,9595,3,0,0.0,9611.0,0.2532,0,0,1746,2026-08-25 23:41:38
461950,2,KODEX 2차전지핵심소재10,4920,3,0,0.0,4901.0,-33.2003,0,0,1744,2026-08-25 23:41:38
0093A0,2,RISE AI반도체TOP10,31440,3,0,0.0,31424.0,-19.7448,0,0,1729,2026-08-25 23:41:38
412570,2,TIGER 2차전지TOP10레버리지,1211,3,0,0.0,1208.0,-47.8018,0,0,1718,2026-08-25 23:41:38
0005G0,2,IBK K-AI반도체코어테크,49755,3,0,0.0,49480.0,-12.9926,0,0,1717,2026-08-25 23:41:38
490600,4,RISE 미국배당100데일리고정커버드콜,9330,3,0,0.0,9347.0,1.0229,0,0,1703,2026-08-25 23:41:38
200250,4,KIWOOM 인도Nifty50(합성),21510,3,0,0.0,21633.0,-7.2845,0,0,1699,2026-08-25 23:41:38
0190G0,2,KODEX 반도체타겟위클리커버드콜,8730,3,0,0.0,8707.0,-19.3611,0,0,1685,2026-08-25 23:41:38
480020,4,ACE 미국빅테크7+데일리타겟커버드콜(합성),10255,3,0,0.0,10222.0,-17.1613,0,0,1682,2026-08-25 23:41:38
472870,6,RISE 미국30년국채엔화노출(합성 H),6935,3,0,0.0,6959.0,-10.4524,0,0,1682,2026-08-25 23:41:38
0051G0,4,SOL 미국원자력SMR,13595,3,0,0.0,13452.0,-16.8248,0,0,1672,2026-08-25 23:41:38
160580,5,TIGER 구리실물,16345,3,0,0.0,16445.0,-4.3313,0,0,1667,2026-08-25 23:41:38
0064K0,5,KODEX 금액티브,13520,3,0,0.0,13510.0,-5.784,0,0,1662,2026-08-25 23:41:38
403790,1,MIDAS 코스피액티브,56610,3,0,0.0,56824.0,-12.6457,0,0,1656,2026-08-25 23:41:38
332500,1,ACE 200TR,71810,3,0,0.0,71723.0,-13.4298,0,0,1652,2026-08-25 23:41:38
237370,7,KODEX 코리아배당성장채권혼합,15700,3,0,0.0,15707.0,-2.56,0,0,1633,2026-08-25 23:41:38
494220,2,UNICORN SK하이닉스밸류체인액티브,45815,3,0,0.0,45790.0,-15.8432,0,0,1604,2026-08-25 23:41:38
337160,2,KODEX 200ESG,47085,3,0,0.0,46910.0,-10.321,0,0,1601,2026-08-25 23:41:38
480030,4,ACE 미국500데일리타겟커버드콜(합성),9960,3,0,0.0,9934.0,-7.7705,0,0,1594,2026-08-25 23:41:38
143860,2,TIGER 헬스케어,39105,3,0,0.0,39081.0,-11.8165,0,0,1588,2026-08-25 23:41:38
272560,6,RISE 단기국공채액티브,114825,3,0,0.0,114832.0,0.6486,0,0,1574,2026-08-25 23:41:38
491610,6,1Q CD금리액티브(합성),104785,3,0,0.0,104782.0,0.7112,0,0,1554,2026-08-25 23:41:38
464240,6,KIWOOM 26-09회사채(AA-이상)액티브,52380,3,0,0.0,52387.0,0.6239,0,0,1545,2026-08-25 23:41:38
354500,1,ACE 코스닥150,14430,3,0,0.0,14444.0,-27.5966,0,0,1544,2026-08-25 23:41:38
0180V0,4,ACE 미국우주테크액티브,8080,3,0,0.0,7968.0,-39.8586,0,0,1511,2026-08-25 23:41:38
491820,2,HANARO 전력설비투자,40685,3,0,0.0,40755.0,-38.2532,0,0,1505,2026-08-25 23:41:38
219480,4,KODEX 미국S&P500선물(H),33105,3,0,0.0,33124.0,2.2864,0,0,1490,2026-08-25 23:41:38
0153K0,2,KODEX 주주환원고배당주,12070,3,0,0.0,12069.0,-1.5271,0,0,1485,2026-08-25 23:41:38
458210,7,KIWOOM CD금리액티브(합성),110520,3,0,0.0,110513.0,0.7061,0,0,1484,2026-08-25 23:41:38
0127M0,4,ACE 미국대형가치주액티브,12445,3,0,0.0,12402.0,1.6226,0,0,1481,2026-08-25 23:41:38
0048K0,4,KODEX 차이나휴머노이드로봇,8395,3,0,0.0,8387.0,-31.6726,0,0,1461,2026-08-25 23:41:38
138520,2,TIGER 삼성그룹,36015,3,0,0.0,35891.0,-8.1719,0,0,1455,2026-08-25 23:41:38
152870,1,파워 200,107770,3,0,0.0,107615.0,-13.0899,0,0,1455,2026-08-25 23:41:38
245340,4,TIGER 미국다우존스30,36135,3,0,0.0,36072.0,-2.3696,0,0,1453,2026-08-25 23:41:38
0151P0,2,RISE 코리아전략산업액티브,14405,3,0,0.0,14373.0,-24.0709,0,0,1441,2026-08-25 23:41:38
451530,6,TIGER 국고채30년스트립액티브,34215,3,0,0.0,34186.0,-15.1835,0,0,1436,2026-08-25 23:41:38
0104H0,7,KoAct 미국나스닥채권혼합50액티브,11540,3,0,0.0,11526.0,-12.2434,0,0,1431,2026-08-25 23:41:38
457990,2,PLUS 태양광&ESS,37585,3,0,0.0,37632.0,-20.3961,0,0,1428,2026-08-25 23:41:38
0005D0,2,SOL 전고체배터리&실리콘음극재,14250,3,0,0.0,14234.0,-37.9761,0,0,1411,2026-08-25 23:41:38
0041E0,4,KODEX 미국S&P500액티브,16000,3,0,0.0,15967.0,-10.8769,0,0,1392,2026-08-25 23:41:38
271050,5,KODEX WTI원유선물인버스(H),2005,3,0,0.0,2002.0,5.4153,0,0,1388,2026-08-25 23:41:38
0131W0,6,1Q 단기특수은행채액티브,102060,3,0,0.0,102063.0,0.6906,0,0,1375,2026-08-25 23:41:38
481180,4,SOL 미국AI소프트웨어,15800,3,0,0.0,15754.0,9.0783,0,0,1375,2026-08-25 23:41:38
495330,1,1Q 코리아밸류업,31680,3,0,0.0,31710.0,-12.6427,0,0,1362,2026-08-25 23:41:38
476030,4,SOL 미국나스닥100,16970,3,0,0.0,16884.0,-9.2673,0,0,1341,2026-08-25 23:41:38
0168K0,2,TIGER 기술이전바이오액티브,6480,3,0,0.0,6465.0,-23.8991,0,0,1340,2026-08-25 23:41:38
476450,6,KIWOOM 머니마켓액티브,52740,3,0,0.0,52742.0,0.7642,0,0,1337,2026-08-25 23:41:38
0184L0,6,PLUS 중기종합채권(A-이상)액티브,100610,3,0,0.0,100605.0,0.7611,0,0,1333,2026-08-25 23:41:38
304660,6,KODEX 미국30년국채울트라선물(H),7275,3,0,0.0,7294.0,-0.818,0,0,1331,2026-08-25 23:41:38
0199C0,2,ACE 고배당주Plus커버드콜액티브,9270,3,0,0.0,9288.0,,0,0,1330,2026-08-25 23:41:38
0074K0,2,KoAct K수출핵심기업TOP30액티브,17155,3,0,0.0,17215.0,-20.1351,0,0,1312,2026-08-25 23:41:38
192090,4,TIGER 차이나CSI300,12345,3,0,0.0,12397.0,-13.3076,0,0,1302,2026-08-25 23:41:38
139220,2,TIGER 200 건설,7620,3,0,0.0,7594.0,-19.8739,0,0,1300,2026-08-25 23:41:38
461500,6,HANARO 종합채권(AA-이상)액티브,104915,3,0,0.0,104900.0,-0.6299,0,0,1299,2026-08-25 23:41:38
182480,7,TIGER 미국MSCI리츠(합성 H),13925,3,0,0.0,14123.0,1.8033,0,0,1295,2026-08-25 23:41:38
471760,2,TIGER AI반도체핵심공정,14135,3,0,0.0,14149.0,-33.5449,0,0,1293,2026-08-25 23:41:38
448100,1,WON 200,109770,3,0,0.0,109712.0,-13.4941,0,0,1290,2026-08-25 23:41:38
0193G0,1,KoAct 코스피액티브,8300,3,0,0.0,8291.0,-17.1244,0,0,1287,2026-08-25 23:41:38
488720,7,WON 종합채권(AA-이상)액티브,48610,3,0,0.0,48607.0,-0.6439,0,0,1272,2026-08-25 23:41:38
498180,6,파워 종합채권(AA-이상)액티브,93100,3,0,0.0,93247.0,-0.8626,0,0,1269,2026-08-25 23:41:38
325010,2,KODEX 성장주,42135,3,0,0.0,42295.0,-15.0505,0,0,1264,2026-08-25 23:41:38
0092B0,2,SOL 한국원자력SMR,15465,3,0,0.0,15445.0,-25.434,0,0,1253,2026-08-25 23:41:38
447620,7,SOL 미국TOP5채권혼합50,15740,3,0,0.0,15742.0,-4.2871,0,0,1243,2026-08-25 23:41:38
463680,4,KODEX 미국S&P500테크놀로지,21625,3,0,0.0,21572.0,-7.8535,0,0,1243,2026-08-25 23:41:38
0123G0,4,TIGER 미국AI전력SMR,6360,3,0,0.0,6272.0,-26.0466,0,0,1240,2026-08-25 23:41:38
0000Y0,6,HK 26-12 회사채(AA-이상)액티브,101790,3,0,0.0,101810.0,0.6476,0,0,1232,2026-08-25 23:41:38
114820,6,TIGER 국채3년,105175,3,0,0.0,105184.0,0.8195,0,0,1231,2026-08-25 23:41:38
411420,4,KODEX 미국나스닥AI테크액티브,25925,3,0,0.0,25726.0,-14.5753,0,0,1218,2026-08-25 23:41:38
377990,2,TIGER Fn신재생에너지,24235,3,0,0.0,24152.0,-31.7488,0,0,1212,2026-08-25 23:41:38
0191W0,6,HANARO 중기종합채권(A-이상)액티브,100930,3,0,0.0,100930.0,0.8442,0,0,1211,2026-08-25 23:41:38
367770,2,RISE 수소경제테마,22965,3,0,0.0,22959.0,-25.3657,0,0,1206,2026-08-25 23:41:38
319640,4,TIGER 골드선물(H),27345,3,0,0.0,27311.0,1.3153,0,0,1203,2026-08-25 23:41:38
0181B0,4,HANARO 미국AI메모리반도체TOP4+,9570,3,0,0.0,9394.0,-7.5363,0,0,1201,2026-08-25 23:41:38
0000J0,2,PLUS 한화그룹주,28455,3,0,0.0,28620.0,-24.6525,0,0,1195,2026-08-25 23:41:38
464930,4,TIGER 글로벌혁신블루칩TOP10,21335,3,0,0.0,21336.0,-4.9666,0,0,1184,2026-08-25 23:41:38
399110,4,SOL 미국S&P500ESG,21105,3,0,0.0,21017.0,-4.5551,0,0,1182,2026-08-25 23:41:38
309230,4,ACE 미국WideMoat동일가중,32000,3,0,0.0,31950.0,3.305,0,0,1178,2026-08-25 23:41:38
488500,4,TIGER 미국S&P500동일가중,12970,3,0,0.0,12946.0,-0.6569,0,0,1174,2026-08-25 23:41:38
328370,1,PLUS 코스피TR,37685,3,0,0.0,37929.0,-14.2061,0,0,1168,2026-08-25 23:41:38
469170,2,ACE 포스코그룹포커스,5750,3,0,0.0,5764.0,-27.323,0,0,1164,2026-08-25 23:41:38
372330,4,KODEX 차이나항셍테크,6955,3,0,0.0,6956.0,-13.4664,0,0,1151,2026-08-25 23:41:38
332940,1,HANARO MSCI Korea TR,47650,3,0,0.0,47485.0,-11.9875,0,0,1144,2026-08-25 23:41:38
491230,6,PLUS 국공채머니마켓액티브,52485,3,0,0.0,52469.0,0.7776,0,0,1139,2026-08-25 23:41:38
0122W0,6,RISE 26-11 회사채(AA-이상)액티브,50960,3,0,0.0,50965.0,0.6716,0,0,1138,2026-08-25 23:41:38
438570,6,SOL 국고채10년,98205,3,0,0.0,98239.0,-0.3097,0,0,1138,2026-08-25 23:41:38
464310,4,TIGER 글로벌AI&로보틱스 INDXX,13790,3,0,0.0,13756.0,-20.6788,0,0,1138,2026-08-25 23:41:38
266370,2,KODEX IT,66270,3,0,0.0,66149.0,-13.7503,0,0,1127,2026-08-25 23:41:38
0080Y0,2,SOL 조선TOP3플러스레버리지,8750,3,0,0.0,8788.0,-54.5809,0,0,1120,2026-08-25 23:41:38
0135Y0,6,IBK 중기종합채권(AA-이상)액티브,100435,3,0,0.0,100440.0,0.6614,0,0,1112,2026-08-25 23:41:38
0209D0,2,KODEX 전고체배터리ESS TOP2플러스,7945,3,0,0.0,7934.0,,0,0,1108,2026-08-25 23:41:38
326240,2,RISE IT플러스,42840,3,0,0.0,42757.0,-15.1264,0,0,1105,2026-08-25 23:41:38
0176E0,4,RISE 미국AI전력인프라액티브,9735,3,0,0.0,9580.0,-25.173,0,0,1105,2026-08-25 23:41:38
304940,4,KODEX 미국나스닥100선물(H),32160,3,0,0.0,31964.0,-1.3649,0,0,1093,2026-08-25 23:41:38
0174B0,7,KoAct 글로벌AI메모리반도체액티브,14100,3,0,0.0,13972.0,-9.3248,0,0,1079,2026-08-25 23:41:38
0221V0,6,IBK 초단기채권액티브,100370,3,0,0.0,100370.0,,0,0,1073,2026-08-25 23:41:38
455860,2,SOL 2차전지소부장Fn,4475,3,0,0.0,4457.0,-34.4803,0,0,1070,2026-08-25 23:41:38
168580,4,ACE 중국본토CSI300,34215,3,0,0.0,34301.0,-12.2468,0,0,1068,2026-08-25 23:41:38
0132K0,7,PLUS 테슬라위클리커버드콜채권혼합,7955,3,0,0.0,7960.0,-6.3367,0,0,1066,2026-08-25 23:41:38
0177X0,2,ACE K휴머노이드로봇산업TOP2+,9645,3,0,0.0,9680.0,-31.2545,0,0,1066,2026-08-25 23:41:38
0193M0,6,BNK 27-12 특수채(AAA이상)액티브,50375,3,0,0.0,50358.0,,0,0,1065,2026-08-25 23:41:38
0091M0,6,HANARO 27-06 회사채(AA-이상)액티브,10155,3,0,0.0,10155.0,0.6941,0,0,1059,2026-08-25 23:41:38
0138Y0,7,PLUS 금채권혼합,10125,3,0,0.0,10137.0,-2.5037,0,0,1058,2026-08-25 23:41:38
203780,4,TIGER 미국나스닥바이오,36435,3,0,0.0,36431.0,12.1939,0,0,1057,2026-08-25 23:41:38
0036R0,4,RISE 미국휴머노이드로봇,18835,3,0,0.0,18656.0,-14.6942,0,0,1055,2026-08-25 23:41:38
0137V0,4,KIWOOM 미국S&P500모멘텀,11455,3,0,0.0,11324.0,-7.5732,0,0,1042,2026-08-25 23:41:38
0085P0,6,ACE 미국10년국채액티브,9880,3,0,0.0,9878.0,-8.3871,0,0,1037,2026-08-25 23:41:38
394660,4,TIGER 글로벌자율주행&전기차SOLACTIVE,15755,3,0,0.0,15829.0,-21.4019,0,0,1034,2026-08-25 23:41:38
496090,1,KIWOOM 코리아밸류업,31795,3,0,0.0,31882.0,-12.8736,0,0,1033,2026-08-25 23:41:38
0233A0,7,ACE 삼성전자SK하이닉스플러스채권혼합50,10285,3,0,0.0,10303.0,,0,0,1029,2026-08-25 23:41:38
465780,6,마이티 26-09 특수채(AAA)액티브,106340,3,0,0.0,106349.0,0.6673,0,0,1024,2026-08-25 23:41:38
261270,7,KODEX 미국달러선물인버스,8065,3,0,0.0,8070.0,9.3559,0,0,1020,2026-08-25 23:41:38
476850,1,KoAct 배당성장액티브,21465,3,0,0.0,21392.0,-9.6874,0,0,1020,2026-08-25 23:41:38
475280,6,ACE 8월만기자동연장회사채AA-이상액티브,10735,3,0,0.0,10730.0,0.7981,0,0,1011,2026-08-25 23:41:38
0008T0,2,SOL 화장품TOP3플러스,19830,3,0,0.0,19871.0,33.9864,0,0,1001,2026-08-25 23:41:38
465610,4,ACE 미국빅테크TOP7 Plus레버리지(합성),41490,3,0,0.0,41163.0,-18.5433,0,0,996,2026-08-25 23:41:38
114100,6,RISE 국고채3년,106720,3,0,0.0,106709.0,0.848,0,0,986,2026-08-25 23:41:38
251340,3,KODEX 코스닥150선물인버스,2375,3,0,0.0,2387.0,19.9494,0,0,986,2026-08-25 23:41:38
0052T0,6,1Q 중단기회사채(A-이상)액티브,50700,3,0,0.0,50702.0,0.8654,0,0,981,2026-08-25 23:41:38
0007N0,1,아이엠에셋 200,107450,3,0,0.0,107118.0,-13.3216,0,0,967,2026-08-25 23:41:38
475050,2,ACE KPOP포커스,6620,3,0,0.0,6616.0,-26.0336,0,0,957,2026-08-25 23:41:38
308620,6,KODEX 미국10년국채선물,11595,3,0,0.0,11599.0,-8.5568,0,0,951,2026-08-25 23:41:38
473440,6,ACE 11월만기자동연장회사채AA-이상액티브,10840,3,0,0.0,10845.0,0.7903,0,0,943,2026-08-25 23:41:38
0142D0,4,TIGER 미국AI데이터센터TOP4Plus,10265,3,0,0.0,10070.0,-25.508,0,0,939,2026-08-25 23:41:38
195980,4,PLUS 신흥국MSCI(합성 H),15085,3,0,0.0,15234.0,0.9367,0,0,938,2026-08-25 23:41:38
0035T0,7,PLUS 글로벌휴머노이드로봇액티브,19345,3,0,0.0,19380.0,-21.7436,0,0,938,2026-08-25 23:41:38
481430,6,RISE 국고채10년액티브,98135,3,0,0.0,98191.0,-0.3352,0,0,933,2026-08-25 23:41:38
433970,7,KODEX TDF2030액티브 적격,13945,3,0,0.0,13951.0,-3.2457,0,0,927,2026-08-25 23:41:38
211900,2,KODEX 코리아배당성장,28000,3,0,0.0,28106.0,-10.7636,0,0,924,2026-08-25 23:41:38
468380,6,KODEX iShares미국하이일드액티브,11025,3,0,0.0,11021.0,-7.4141,0,0,919,2026-08-25 23:41:38
0066W0,5,SOL 국제금,13640,3,0,0.0,13663.0,-5.9959,0,0,914,2026-08-25 23:41:38
485690,4,RISE 미국AI밸류체인TOP3Plus,21585,3,0,0.0,21384.0,-9.6265,0,0,907,2026-08-25 23:41:38
325020,2,KODEX 배당가치,29130,3,0,0.0,29192.0,-6.9236,0,0,903,2026-08-25 23:41:38
204480,4,TIGER 차이나CSI300레버리지(합성),24240,3,0,0.0,24426.0,-27.7604,0,0,902,2026-08-25 23:41:38
269540,4,PLUS 미국S&P500(H),29980,3,0,0.0,29932.0,0.8748,0,0,899,2026-08-25 23:41:38
143850,4,TIGER 미국S&P500선물(H),77270,3,0,0.0,77296.0,1.671,0,0,889,2026-08-25 23:41:38
329670,7,KODEX TRF7030,22115,3,0,0.0,22116.0,-3.677,0,0,885,2026-08-25 23:41:38
453080,4,KIWOOM 미국나스닥100(H),22675,3,0,0.0,22540.0,-1.7244,0,0,884,2026-08-25 23:41:38
454320,2,HANARO CAPEX설비투자iSelect,41105,3,0,0.0,41075.0,-28.9456,0,0,884,2026-08-25 23:41:38
444490,4,WON 미국S&P500,20215,3,0,0.0,20181.0,-6.1078,0,0,879,2026-08-25 23:41:38
486240,2,DAISHIN AI반도체&인프라액티브,28295,3,0,0.0,28330.0,-17.4712,0,0,877,2026-08-25 23:41:38
298770,4,KODEX 한국대만IT프리미어,79715,3,0,0.0,79760.0,-6.6991,0,0,877,2026-08-25 23:41:38
460960,7,ACE 글로벌인컴TOP10,11180,3,0,0.0,11176.0,-6.1172,0,0,866,2026-08-25 23:41:38
292770,6,KODEX 국채선물3년인버스,57685,3,0,0.0,57631.0,0.1041,0,0,865,2026-08-25 23:41:38
495040,1,PLUS 코리아밸류업,31455,3,0,0.0,31612.0,-13.0511,0,0,865,2026-08-25 23:41:38
108450,2,ACE 삼성그룹섹터가중,38975,3,0,0.0,39071.0,-10.2269,0,0,857,2026-08-25 23:41:38
0197X0,2,SOL SK하이닉스선물단일종목인버스2X,7045,3,0,0.0,7120.0,,0,0,854,2026-08-25 23:41:38
479620,4,SOL 미국AI반도체칩메이커,24000,3,0,0.0,23602.0,-13.9014,0,0,852,2026-08-25 23:41:38
329660,7,KODEX TRF5050,17925,3,0,0.0,17926.0,-2.2344,0,0,842,2026-08-25 23:41:38
461460,6,PLUS 국고채10년액티브,51405,3,0,0.0,51352.0,-0.2233,0,0,834,2026-08-25 23:41:38
138530,2,TIGER LG그룹플러스,12400,3,0,0.0,12394.0,-10.437,0,0,826,2026-08-25 23:41:38
130730,6,KIWOOM 단기자금,102985,3,0,0.0,102981.0,0.645,0,0,824,2026-08-25 23:41:38
0017Y0,6,1Q 종합채권(AA-이상)액티브,93800,3,0,0.0,93833.0,-0.851,0,0,819,2026-08-25 23:41:38
453330,4,RISE 미국S&P500(H),18150,3,0,0.0,18105.0,2.6889,0,0,817,2026-08-25 23:41:38
0057H0,7,PLUS 미국S&P500미국채혼합50액티브,11680,3,0,0.0,11679.0,-7.1503,0,0,806,2026-08-25 23:41:38
0162L0,4,KODEX 차이나AI반도체TOP10,12970,3,0,0.0,12953.0,-17.5612,0,0,804,2026-08-25 23:41:38
359210,1,KODEX 코스피TR,34945,3,0,0.0,34997.0,-13.7268,0,0,804,2026-08-25 23:41:38
449770,4,KIWOOM 미국S&P500,21090,3,0,0.0,21061.0,-6.0481,0,0,801,2026-08-25 23:41:38
490480,2,SOL K방산,29080,3,0,0.0,29238.0,-24.4087,0,0,800,2026-08-25 23:41:38
364960,2,TIGER BBIG,6625,3,0,0.0,6622.0,-12.8863,0,0,798,2026-08-25 23:41:38
157490,2,TIGER 소프트웨어,8505,3,0,0.0,8536.0,-7.6548,0,0,798,2026-08-25 23:41:38
0018C0,2,PLUS 고배당주위클리고정커버드콜,10665,3,0,0.0,10711.0,-9.0691,0,0,795,2026-08-25 23:41:38
0049M0,4,ACE 미국배당퀄리티+커버드콜액티브,11265,3,0,0.0,11311.0,-6.7136,0,0,783,2026-08-25 23:41:38
492500,7,1Q 현대차그룹채권(A+이상)&국고통안,51320,3,0,0.0,51336.0,0.5682,0,0,781,2026-08-25 23:41:38
0098N0,2,PLUS 자사주매입고배당주,12910,3,0,0.0,12918.0,0.8006,0,0,781,2026-08-25 23:41:38
495750,1,HANARO 코리아밸류업,31875,3,0,0.0,31819.0,-11.9777,0,0,781,2026-08-25 23:41:38
337140,2,KODEX 코스피대형주,35460,3,0,0.0,35680.0,-14.1247,0,0,780,2026-08-25 23:41:38
458030,6,WON 국공채머니마켓액티브,55010,3,0,0.0,55014.0,0.6955,0,0,780,2026-08-25 23:41:38
210780,2,TIGER 코스피고배당,23375,3,0,0.0,23433.0,-6.8978,0,0,771,2026-08-25 23:41:38
469060,4,RISE 미국반도체NYSE,34235,3,0,0.0,33689.0,-10.9249,0,0,770,2026-08-25 23:41:38
438560,6,SOL 국고채3년,100455,3,0,0.0,100480.0,0.823,0,0,762,2026-08-25 23:41:38
0080X0,7,SOL 미국S&P500미국채혼합50,11010,3,0,0.0,10996.0,-7.3563,0,0,760,2026-08-25 23:41:38
434960,1,DAISHIN K200,107405,3,0,0.0,107342.0,-13.355,0,0,752,2026-08-25 23:41:38
365040,1,TIGER AI코리아그로스액티브,35800,3,0,0.0,35670.0,-11.3752,0,0,752,2026-08-25 23:41:38
473640,4,HANARO 글로벌금채굴기업,37350,3,0,0.0,37476.0,10.0957,0,0,747,2026-08-25 23:41:38
228810,2,TIGER 미디어컨텐츠,3055,3,0,0.0,3061.0,-25.1226,0,0,741,2026-08-25 23:41:38
412770,4,TIGER 글로벌AI플랫폼액티브,12260,3,0,0.0,12353.0,-19.3156,0,0,738,2026-08-25 23:41:38
441540,2,HANARO Fn조선해운,27280,3,0,0.0,27276.0,-20.6631,0,0,737,2026-08-25 23:41:38
272910,6,ACE 중장기국공채액티브,106125,3,0,0.0,106147.0,0.6783,0,0,730,2026-08-25 23:41:38
0022T0,4,SOL 국제금커버드콜액티브,14035,3,0,0.0,14013.0,-6.0112,0,0,730,2026-08-25 23:41:38
475310,2,SOL 반도체후공정,26345,3,0,0.0,26281.0,-24.7823,0,0,724,2026-08-25 23:41:38
0113D0,4,TIME 글로벌탑픽액티브,12060,3,0,0.0,12033.0,-5.7076,0,0,718,2026-08-25 23:41:38
266420,2,KODEX 헬스케어,17775,3,0,0.0,17746.0,-11.4791,0,0,711,2026-08-25 23:41:38
0102A0,4,TIGER 미국AI소프트웨어TOP4Plus,8560,3,0,0.0,8558.0,1.4819,0,0,710,2026-08-25 23:41:38
292190,1,KODEX KRX300,47035,3,0,0.0,47105.0,-14.2238,0,0,706,2026-08-25 23:41:38
475350,4,RISE 버크셔포트폴리오TOP10,14665,3,0,0.0,14693.0,-3.3409,0,0,704,2026-08-25 23:41:38
211560,2,TIGER 배당성장,34940,3,0,0.0,35177.0,-10.817,0,0,702,2026-08-25 23:41:38
0225V0,4,KODEX 미국CPU반도체TOP10,9790,3,0,0.0,9663.0,,0,0,685,2026-08-25 23:41:38
458750,4,TIGER 미국배당다우존스타겟커버드콜1호,13375,3,0,0.0,13396.0,-0.1515,0,0,682,2026-08-25 23:41:38
0098Z0,1,FOCUS 200,90925,3,0,0.0,91132.0,-13.1494,0,0,682,2026-08-25 23:41:38
440640,6,ACE 단기채권알파액티브,112635,3,0,0.0,112645.0,0.828,0,0,681,2026-08-25 23:41:38
228800,2,TIGER 여행레저,2610,3,0,0.0,2613.0,-17.2742,0,0,673,2026-08-25 23:41:38
0190Y0,4,TIGER 구글밸류체인,8465,3,0,0.0,8382.0,-18.9016,0,0,669,2026-08-25 23:41:38
298340,6,PLUS 국채선물3년,56560,3,0,0.0,56548.0,1.1173,0,0,667,2026-08-25 23:41:38
278620,6,PLUS 단기채권액티브,119030,3,0,0.0,119023.0,0.8002,0,0,667,2026-08-25 23:41:38
277640,2,TIGER 코스피대형주,36805,3,0,0.0,36888.0,-13.6564,0,0,662,2026-08-25 23:41:38
433880,7,PLUS TDF2060액티브 적격,18620,3,0,0.0,18534.0,-6.583,0,0,661,2026-08-25 23:41:38
100910,1,KIWOOM KRX100,16870,3,0,0.0,16811.0,-12.8367,0,0,658,2026-08-25 23:41:38
465330,2,RISE 2차전지TOP10,11095,3,0,0.0,11090.0,-26.181,0,0,657,2026-08-25 23:41:38
0115E0,2,KODEX 코리아소버린AI,14600,3,0,0.0,14648.0,-7.8397,0,0,657,2026-08-25 23:41:38
491700,1,HK 200,107480,3,0,0.0,107538.0,-13.7019,0,0,645,2026-08-25 23:41:38
453950,4,TIGER TSMC파운드리밸류체인,32895,3,0,0.0,32841.0,-6.1752,0,0,641,2026-08-25 23:41:38
0123S0,2,HANARO 26-12 은행채(AA+이상)액티브,10175,3,0,0.0,10184.0,0.5434,0,0,631,2026-08-25 23:41:38
453640,4,KODEX 미국S&P500헬스케어,14645,3,0,0.0,14623.0,8.4507,0,0,630,2026-08-25 23:41:38
419890,6,KIWOOM 단기채권ESG액티브,107515,3,0,0.0,107522.0,0.6694,0,0,624,2026-08-25 23:41:38
0000D0,7,TIGER 엔비디아미국채커버드콜밸런스(합성),9080,3,0,0.0,9032.0,-9.5411,0,0,622,2026-08-25 23:41:38
455660,6,ACE 미국하이일드액티브(H),9480,3,0,0.0,9472.0,0.5306,0,0,616,2026-08-25 23:41:38
0040S0,4,HANARO 글로벌피지컬AI액티브,23405,3,0,0.0,23221.0,-18.2073,0,0,609,2026-08-25 23:41:38
261070,2,TIGER 코스닥150바이오테크,13055,3,0,0.0,13073.0,-21.5681,0,0,608,2026-08-25 23:41:38
0210E0,2,PLUS 200커버드콜액티브,7390,3,0,0.0,7367.0,,0,0,606,2026-08-25 23:41:38
0172V0,5,1Q 은액티브,8945,3,0,0.0,9019.0,-18.3106,0,0,604,2026-08-25 23:41:38
275980,4,TIGER 글로벌4차산업혁신기술(합성 H),23650,3,0,0.0,23672.0,1.8957,0,0,601,2026-08-25 23:41:38
479730,4,TIGER 인도빌리언컨슈머,10150,3,0,0.0,10187.0,-0.5451,0,0,599,2026-08-25 23:41:38
0198A0,2,KIWOOM 코스닥150커버드콜액티브,9045,3,0,0.0,9083.0,,0,0,597,2026-08-25 23:41:38
476750,6,ACE 미국30년국채엔화노출액티브(H),7450,3,0,0.0,7449.0,-10.6625,0,0,596,2026-08-25 23:41:38
150460,2,TIGER 중국소비테마,7880,3,0,0.0,7898.0,0.6385,0,0,596,2026-08-25 23:41:38
261240,7,KODEX 미국달러선물,14305,3,0,0.0,14318.0,-7.9473,0,0,595,2026-08-25 23:41:38
306950,3,KODEX KRX300레버리지,74085,3,0,0.0,74295.0,-39.0548,0,0,593,2026-08-25 23:41:38
278240,3,RISE 코스닥150선물레버리지,8115,3,0,0.0,8171.0,-55.5708,0,0,592,2026-08-25 23:41:38
0181L0,4,SOL 미국우주항공TOP10,7275,3,0,0.0,7188.0,-41.6132,0,0,589,2026-08-25 23:41:38
252400,3,RISE 200선물레버리지,97855,3,0,0.0,97873.0,-38.1839,0,0,587,2026-08-25 23:41:38
495940,4,RISE 미국AI테크액티브,18900,3,0,0.0,18759.0,-18.8654,0,0,586,2026-08-25 23:41:38
0166S0,2,PLUS K제조업핵심기업액티브,10795,3,0,0.0,10777.0,-22.0015,0,0,578,2026-08-25 23:41:38
0111J0,2,HANARO 증권고배당TOP3플러스,12630,3,0,0.0,12693.0,-30.7485,0,0,568,2026-08-25 23:41:38
491220,1,PLUS 200TR,125770,3,0,0.0,126619.0,-13.8297,0,0,566,2026-08-25 23:41:38
0141S0,2,SOL 조선기자재,8470,3,0,0.0,8476.0,-32.6174,0,0,563,2026-08-25 23:41:38
401470,2,KODEX 메타버스액티브,9610,3,0,0.0,9637.0,-6.7443,0,0,562,2026-08-25 23:41:38
455960,6,RISE 미국달러SOFR금리액티브(합성),12125,3,0,0.0,12149.0,-7.8648,0,0,555,2026-08-25 23:41:38
225040,4,TIGER 미국S&P500레버리지(합성 H),67460,3,0,0.0,67185.0,3.7526,0,0,553,2026-08-25 23:41:38
440910,4,WON 미국우주항공방산,25125,3,0,0.0,25118.0,-8.0345,0,0,553,2026-08-25 23:41:38
0000Z0,2,RISE 바이오TOP10액티브,9370,3,0,0.0,9389.0,-30.1529,0,0,543,2026-08-25 23:41:38
0046Y0,4,ACE 미국배당퀄리티,12635,3,0,0.0,12646.0,-5.5646,0,0,543,2026-08-25 23:41:38
0194T0,2,ACE SK하이닉스단일종목레버리지,8520,3,0,0.0,8510.0,,0,0,543,2026-08-25 23:41:38
140700,2,KODEX 보험,20670,3,0,0.0,20754.0,9.5186,0,0,537,2026-08-25 23:41:38
304780,3,HANARO 200선물레버리지,119275,3,0,0.0,119282.0,-38.0551,0,0,537,2026-08-25 23:41:38
385590,2,ACE ESG액티브,23320,3,0,0.0,23358.0,-10.0136,0,0,536,2026-08-25 23:41:38
0226A0,7,PLUS SK하이닉스샌디스크채권혼합50,10675,3,0,0.0,10703.0,,0,0,534,2026-08-25 23:41:38
442560,7,RISE TDF2040액티브 적격,16350,3,0,0.0,16285.0,-5.2817,0,0,531,2026-08-25 23:41:38
445150,2,KODEX 친환경조선해운액티브,28680,3,0,0.0,28742.0,-24.1821,0,0,531,2026-08-25 23:41:38
0113P0,6,HK 머니마켓액티브,102365,3,0,0.0,102364.0,0.7529,0,0,530,2026-08-25 23:41:38
261220,5,KODEX WTI원유선물(H),23690,3,0,0.0,23727.0,-10.9232,0,0,521,2026-08-25 23:41:38
0197W0,2,SOL SK하이닉스단일종목레버리지,8360,3,0,0.0,8343.0,,0,0,518,2026-08-25 23:41:38
0185L0,4,TIME 글로벌휴머노이드로봇산업액티브,7445,3,0,0.0,7432.0,-29.8635,0,0,517,2026-08-25 23:41:38
0118Z0,4,ACE 미국AI테크핵심산업액티브,8615,3,0,0.0,8538.0,-16.7231,0,0,517,2026-08-25 23:41:38
101280,4,KODEX 일본TOPIX100,30235,3,0,0.0,30274.0,-2.9002,0,0,514,2026-08-25 23:41:38
114470,6,KIWOOM 국고채3년,108070,3,0,0.0,108080.0,0.8089,0,0,508,2026-08-25 23:41:38
475260,6,ACE 2월만기자동연장회사채AA-이상액티브,10750,3,0,0.0,10743.0,0.7025,0,0,506,2026-08-25 23:41:38
0089C0,4,KODEX 미국S&P500변동성확대시커버드콜,11430,3,0,0.0,11440.0,-6.4605,0,0,503,2026-08-25 23:41:38
275300,2,KODEX 우량주,29485,3,0,0.0,29658.0,-11.4909,0,0,501,2026-08-25 23:41:38
123310,3,TIGER 인버스,1148,3,0,0.0,1149.0,-4.0936,0,0,501,2026-08-25 23:41:38
0139P0,2,ACE 고배당주,13500,3,0,0.0,13553.0,-5.8117,0,0,500,2026-08-25 23:41:38
480310,4,TIGER 글로벌온디바이스AI,18450,3,0,0.0,18316.0,-19.3936,0,0,498,2026-08-25 23:41:38
218420,4,KODEX 미국S&P500에너지(합성),20280,3,0,0.0,20380.0,-1.8156,0,0,498,2026-08-25 23:41:38
0118S0,4,SOL 미국넥스트테크TOP10액티브,10700,3,0,0.0,10494.0,-25.3315,0,0,492,2026-08-25 23:41:38
253150,3,PLUS 200선물레버리지,195715,3,0,0.0,195586.0,-38.2545,0,0,489,2026-08-25 23:41:38
0041D0,4,KODEX 미국AI소프트웨어TOP10,12840,3,0,0.0,12811.0,-1.3744,0,0,488,2026-08-25 23:41:38
200030,4,KODEX 미국S&P500산업재(합성),42875,3,0,0.0,42801.0,-4.0291,0,0,484,2026-08-25 23:41:38
0132H0,4,KODEX 미국원자력SMR,8410,3,0,0.0,8313.0,-22.0575,0,0,484,2026-08-25 23:41:38
336160,6,RISE 금융채액티브,100430,3,0,0.0,100409.0,0.6993,0,0,483,2026-08-25 23:41:38
360140,2,KODEX 200롱코스닥150숏선물,21815,3,0,0.0,21734.0,14.0057,0,0,480,2026-08-25 23:41:38
316670,1,KIWOOM 코스닥150,7150,3,0,0.0,7141.0,-27.4848,0,0,479,2026-08-25 23:41:38
418670,4,TIGER 글로벌AI사이버보안,16800,3,0,0.0,16746.0,9.1263,0,0,477,2026-08-25 23:41:38
447430,2,ACE 주주환원가치주액티브,16160,3,0,0.0,16220.0,-7.1903,0,0,477,2026-08-25 23:41:38
152500,3,ACE 레버리지,43230,3,0,0.0,43251.0,-38.1988,0,0,476,2026-08-25 23:41:38
371470,4,TIGER 차이나바이오테크SOLACTIVE,8675,3,0,0.0,8767.0,5.407,0,0,475,2026-08-25 23:41:38
256750,4,KODEX 차이나심천ChiNext(합성),15390,3,0,0.0,15393.0,-20.8944,0,0,471,2026-08-25 23:41:38
140950,1,파워 코스피100,83940,3,0,0.0,83815.0,-13.3605,0,0,470,2026-08-25 23:41:38
0086B0,2,TIGER 리츠부동산인프라TOP10액티브,9570,3,0,0.0,9590.0,-4.5286,0,0,469,2026-08-25 23:41:38
287180,4,PLUS 미국나스닥테크,54705,3,0,0.0,54371.0,-5.3056,0,0,465,2026-08-25 23:41:38
0020H0,4,KoAct 글로벌양자컴퓨팅액티브,21485,3,0,0.0,21465.0,-26.1557,0,0,462,2026-08-25 23:41:38
442260,1,마이티 다이나믹퀀트액티브,37180,3,0,0.0,37053.0,-14.0049,0,0,461,2026-08-25 23:41:38
0178H0,7,IBK 미국AI TOP10국채혼합50,9795,3,0,0.0,9785.0,-4.8957,0,0,460,2026-08-25 23:41:38
461340,4,HANARO 글로벌생성형AI액티브,41485,3,0,0.0,40904.0,-12.3958,0,0,456,2026-08-25 23:41:38
276990,4,KODEX 글로벌로봇(합성),25545,3,0,0.0,25538.0,-13.5387,0,0,452,2026-08-25 23:41:38
429760,4,PLUS 미국S&P500,19610,3,0,0.0,19587.0,-6.0278,0,0,451,2026-08-25 23:41:38
196030,4,ACE 일본TOPIX레버리지(H),89705,3,0,0.0,90090.0,9.1833,0,0,449,2026-08-25 23:41:38
475270,6,ACE 5월만기자동연장회사채AA-이상액티브,10715,3,0,0.0,10725.0,0.6103,0,0,447,2026-08-25 23:41:38
473590,4,ACE 미국주식베스트셀러,18590,3,0,0.0,18337.0,-26.8111,0,0,446,2026-08-25 23:41:38
442090,2,에셋플러스 코리아대장장이액티브,29700,3,0,0.0,29748.0,-15.469,0,0,446,2026-08-25 23:41:38
0194M0,2,ACE 삼성전자단일종목레버리지,10670,3,0,0.0,10660.0,,0,0,445,2026-08-25 23:41:38
453650,4,KODEX 미국S&P500금융,19735,3,0,0.0,19749.0,3.1986,0,0,444,2026-08-25 23:41:38
261120,7,TIGER 미국달러선물인버스2X,5275,3,0,0.0,5265.0,18.8063,0,0,443,2026-08-25 23:41:38
472830,6,RISE 미국30년국채커버드콜(합성),7980,3,0,0.0,7979.0,-9.8934,0,0,443,2026-08-25 23:41:38
0189B0,5,TIGER 은액티브,8640,3,0,0.0,8583.0,-17.6359,0,0,441,2026-08-25 23:41:38
473490,4,KIWOOM 글로벌AI반도체,29135,3,0,0.0,28812.0,-12.8157,0,0,437,2026-08-25 23:41:38
139320,5,TIGER 금은선물(H),19400,3,0,0.0,19356.0,-0.1545,0,0,437,2026-08-25 23:41:38
375770,2,KODEX 탄소효율그린뉴딜,24215,3,0,0.0,24348.0,-12.8592,0,0,436,2026-08-25 23:41:38
401170,2,RISE 메타버스,11005,3,0,0.0,10961.0,-5.2519,0,0,436,2026-08-25 23:41:38
476260,2,HANARO 반도체핵심공정주도주,12570,3,0,0.0,12568.0,-17.8968,0,0,434,2026-08-25 23:41:38
238720,4,ACE 일본Nikkei225(H),48035,3,0,0.0,47939.0,4.583,0,0,432,2026-08-25 23:41:38
139280,2,TIGER 경기방어,13120,3,0,0.0,13145.0,-0.5981,0,0,430,2026-08-25 23:41:38
494840,4,TIGER 미국방산TOP10,13030,3,0,0.0,13046.0,-3.6001,0,0,430,2026-08-25 23:41:38
487130,2,KoAct AI인프라액티브,27360,3,0,0.0,27361.0,-26.4912,0,0,424,2026-08-25 23:41:38
0141T0,6,SOL 중기종합채권(AA-이상)액티브,50300,3,0,0.0,50300.0,0.7309,0,0,421,2026-08-25 23:41:38
305050,1,ACE 코스피,70045,3,0,0.0,70053.0,-13.6686,0,0,420,2026-08-25 23:41:38
440650,6,ACE 미국달러단기채권액티브,11630,3,0,0.0,11624.0,-7.7717,0,0,419,2026-08-25 23:41:38
282000,3,RISE 국고채3년선물인버스,114575,3,0,0.0,114525.0,0.0742,0,0,418,2026-08-25 23:41:38
0191M0,6,마이티 5월만기자동연장특수채(AAA)액티브,100665,3,0,0.0,100672.0,,0,0,417,2026-08-25 23:41:38
0007G0,4,PLUS 글로벌원자력밸류체인,13875,3,0,0.0,13793.0,-13.8199,0,0,416,2026-08-25 23:41:38
0220B0,1,DS 코스닥액티브,9700,3,0,0.0,9674.0,,0,0,412,2026-08-25 23:41:38
0186S0,7,1Q 코스닥150채권혼합50액티브,8395,3,0,0.0,8452.0,-14.6727,0,0,411,2026-08-25 23:41:38
448570,1,FOCUS AI코리아액티브,29795,3,0,0.0,29931.0,-10.6195,0,0,402,2026-08-25 23:41:38
0112X0,1,마이티 200TR,40190,3,0,0.0,40065.0,-13.1121,0,0,402,2026-08-25 23:41:38
183700,7,RISE 200채권혼합50,95305,3,0,0.0,95311.0,-6.5755,0,0,400,2026-08-25 23:41:38
428510,4,KODEX 차이나AI테크액티브,23515,3,0,0.0,23496.0,-20.0094,0,0,400,2026-08-25 23:41:38
0192L0,2,RISE SK하이닉스단일종목레버리지,8685,3,0,0.0,8677.0,,0,0,400,2026-08-25 23:41:38
464470,6,PLUS 미국채30년액티브,48215,3,0,0.0,48154.0,-9.5002,0,0,397,2026-08-25 23:41:38
472840,1,IBK 200,105805,3,0,0.0,106091.0,-13.6167,0,0,397,2026-08-25 23:41:38
0207G0,2,SOL 우주항공밸류체인,6710,3,0,0.0,6718.0,,0,0,396,2026-08-25 23:41:38
352540,7,KODEX 일본부동산리츠(H),11440,3,0,0.0,11432.0,1.4452,0,0,389,2026-08-25 23:41:38
322410,2,HANARO K고배당,22730,3,0,0.0,22850.0,-5.1571,0,0,386,2026-08-25 23:41:38
147970,2,TIGER 모멘텀,80265,3,0,0.0,80761.0,-17.9672,0,0,385,2026-08-25 23:41:38
195930,4,TIGER 유로스탁스50(합성 H),23815,3,0,0.0,23731.0,9.018,0,0,381,2026-08-25 23:41:38
400970,2,TIGER Fn메타버스,7500,3,0,0.0,7519.0,-18.4783,0,0,379,2026-08-25 23:41:38
292560,7,TIGER 일본엔선물,8055,3,0,0.0,8045.0,-8.2575,0,0,379,2026-08-25 23:41:38
491830,4,TIGER 미국AI반도체팹리스,20990,3,0,0.0,20686.0,-14.7855,0,0,378,2026-08-25 23:41:38
275280,2,KODEX 모멘텀주,41820,3,0,0.0,41651.0,-13.6141,0,0,376,2026-08-25 23:41:38
276970,4,KODEX 미국S&P500배당귀족커버드콜(합성 H),7985,3,0,0.0,8122.0,11.0205,0,0,375,2026-08-25 23:41:38
365000,2,TIGER 인터넷TOP10,3700,3,0,0.0,3695.0,-22.9167,0,0,374,2026-08-25 23:41:38
452250,6,ACE 미국30년국채선물레버리지(합성 H),4730,3,0,0.0,4779.0,-3.9594,0,0,367,2026-08-25 23:41:38
0100K0,2,KODEX 방산TOP10레버리지,6520,3,0,0.0,6547.0,-50.4936,0,0,365,2026-08-25 23:41:38
0209Z0,2,ACE 코리아AI전력TOP10,6860,3,0,0.0,6889.0,,0,0,364,2026-08-25 23:41:38
450910,1,SOL 코스닥150,14030,3,0,0.0,14010.0,-27.5871,0,0,359,2026-08-25 23:41:38
352560,7,KODEX 미국부동산리츠(H),12585,3,0,0.0,12599.0,1.9312,0,0,359,2026-08-25 23:41:38
104530,2,KIWOOM 코리아고배당,17480,3,0,0.0,17519.0,-11.4104,0,0,358,2026-08-25 23:41:38
498860,2,RISE 코리아금융고배당,16600,3,0,0.0,16693.0,-14.8733,0,0,357,2026-08-25 23:41:38
381560,2,HANARO Fn전기&수소차,17780,3,0,0.0,17766.0,-15.9781,0,0,356,2026-08-25 23:41:38
449690,4,TIGER 한중반도체(합성),47185,3,0,0.0,47141.0,-16.9279,0,0,354,2026-08-25 23:41:38
322400,2,HANARO e커머스,10515,3,0,0.0,10555.0,-4.7555,0,0,352,2026-08-25 23:41:38
415920,5,PLUS 글로벌희토류&전략자원생산기업,7525,3,0,0.0,7500.0,-23.9899,0,0,350,2026-08-25 23:41:38
0154F0,2,WON 초대형IB&금융지주,12005,3,0,0.0,12044.0,-13.3839,0,0,348,2026-08-25 23:41:38
385520,2,KODEX 자율주행액티브,16125,3,0,0.0,16062.0,-19.8957,0,0,347,2026-08-25 23:41:38
241390,7,RISE V&S셀렉트밸류채권혼합,15730,3,0,0.0,15703.0,-6.0808,0,0,346,2026-08-25 23:41:38
153270,1,KIWOOM 코스피100,81950,3,0,0.0,82272.0,-13.5101,0,0,344,2026-08-25 23:41:38
138910,5,KODEX 구리선물(H),10120,3,0,0.0,10143.0,2.4291,0,0,344,2026-08-25 23:41:38
469050,4,RISE 미국반도체NYSE(H),31050,3,0,0.0,30498.0,-2.5608,0,0,342,2026-08-25 23:41:38
407830,4,에셋플러스 글로벌플랫폼액티브,14180,3,0,0.0,14147.0,-14.1647,0,0,340,2026-08-25 23:41:38
295020,6,RISE 국채선물10년인버스,60545,3,0,0.0,60509.0,1.3135,0,0,340,2026-08-25 23:41:38
380340,2,ACE 코리아AI테크핵심산업,28265,3,0,0.0,28149.0,-7.6459,0,0,339,2026-08-25 23:41:38
276650,4,RISE 글로벌테크놀로지(합성 H),45120,3,0,0.0,45059.0,-2.2107,0,0,338,2026-08-25 23:41:38
475070,4,KoAct 글로벌친환경전력인프라액티브,29335,3,0,0.0,29329.0,-30.1964,0,0,337,2026-08-25 23:41:38
465350,3,RISE 2차전지TOP10인버스(합성),16810,3,0,0.0,16958.0,18.5054,0,0,336,2026-08-25 23:41:38
449780,4,KIWOOM 미국S&P500(H),18650,3,0,0.0,18601.0,2.0261,0,0,336,2026-08-25 23:41:38
496770,4,PLUS 글로벌방산,18135,3,0,0.0,18134.0,0.3874,0,0,335,2026-08-25 23:41:38
474800,4,KIWOOM 미국원유에너지기업,15925,3,0,0.0,15938.0,-1.9081,0,0,334,2026-08-25 23:41:38
0023B0,4,PLUS 미국양자컴퓨팅TOP10,16270,3,0,0.0,16059.0,-24.8499,0,0,334,2026-08-25 23:41:38
122260,6,KIWOOM 통안채1년,104120,3,0,0.0,104105.0,0.6427,0,0,333,2026-08-25 23:41:38
099140,4,KODEX 차이나H,21465,3,0,0.0,21418.0,-8.6752,0,0,333,2026-08-25 23:41:38
105780,2,RISE 5대그룹주,16625,3,0,0.0,16686.0,-15.2435,0,0,333,2026-08-25 23:41:38
476690,4,TIGER 글로벌비만치료제TOP2Plus,11060,3,0,0.0,11086.0,2.4397,0,0,332,2026-08-25 23:41:38
261140,2,TIGER 우선주,24700,3,0,0.0,24581.0,-10.5525,0,0,331,2026-08-25 23:41:38
465660,4,TIGER 일본반도체FACTSET,24370,3,0,0.0,24396.0,-7.9996,0,0,329,2026-08-25 23:41:38
256440,4,ACE MSCI인도네시아(합성),5380,3,0,0.0,5425.0,-8.1128,0,0,328,2026-08-25 23:41:38
227540,2,TIGER 200 헬스케어,19915,3,0,0.0,19938.0,-1.5085,0,0,327,2026-08-25 23:41:38
174360,4,RISE 중국본토대형주CSI100,23230,3,0,0.0,23349.0,-13.4824,0,0,325,2026-08-25 23:41:38
459560,4,KODEX 테슬라밸류체인FactSet,21600,3,0,0.0,21526.0,-16.3676,0,0,324,2026-08-25 23:41:38
491090,4,KODEX 미국테크TOP3플러스,17510,3,0,0.0,17522.0,-10.7245,0,0,324,2026-08-25 23:41:38
0138T0,4,RISE 미국S&P500데일리고정커버드콜,9500,3,0,0.0,9515.0,-6.274,0,0,323,2026-08-25 23:41:38
266360,2,KODEX K콘텐츠,9930,3,0,0.0,9953.0,-12.1239,0,0,318,2026-08-25 23:41:38
426150,6,WON 대한민국국고채액티브,51045,3,0,0.0,51022.0,-1.978,0,0,317,2026-08-25 23:41:38
0083S0,4,1Q 미국메디컬AI,10895,3,0,0.0,10893.0,8.4742,0,0,316,2026-08-25 23:41:38
0192T0,2,SOL 코스닥TOP10,7330,3,0,0.0,7349.0,-27.605,0,0,315,2026-08-25 23:41:38
245350,4,TIGER 유로스탁스배당30,19655,3,0,0.0,19685.0,-0.0828,0,0,314,2026-08-25 23:41:38
0089B0,7,PLUS 미국나스닥100미국채혼합50,11185,3,0,0.0,11170.0,-8.6884,0,0,313,2026-08-25 23:41:38
0085N0,6,ACE 미국10년국채액티브(H),9780,3,0,0.0,9768.0,0.0937,0,0,313,2026-08-25 23:41:38
0204S0,1,TIGER 코스닥액티브,6785,3,0,0.0,6760.0,,0,0,313,2026-08-25 23:41:38
476070,4,KODEX 글로벌비만치료제TOP2 Plus,11575,3,0,0.0,11587.0,2.8817,0,0,313,2026-08-25 23:41:38
494410,4,PLUS 미국S&P500성장주,14200,3,0,0.0,14120.0,-7.4838,0,0,312,2026-08-25 23:41:38
0155N0,2,HANARO K휴머노이드테마TOP10,7790,3,0,0.0,7794.0,-27.2982,0,0,312,2026-08-25 23:41:38
459750,4,RISE 글로벌주식분산액티브,17805,3,0,0.0,17928.0,-6.7332,0,0,312,2026-08-25 23:41:38
248270,4,TIGER S&P글로벌헬스케어(합성),27190,3,0,0.0,27332.0,4.9199,0,0,310,2026-08-25 23:41:38
395170,2,KODEX Top10동일가중,15470,3,0,0.0,15517.0,-20.6772,0,0,309,2026-08-25 23:41:38
139270,2,TIGER 200 금융,16600,3,0,0.0,16641.0,-3.6763,0,0,309,2026-08-25 23:41:38
271060,5,KODEX 3대농산물선물(H),8670,3,0,0.0,8734.0,2.3612,0,0,307,2026-08-25 23:41:38
468630,6,KODEX iShares미국투자등급회사채액티브,10905,3,0,0.0,10907.0,-9.1556,0,0,306,2026-08-25 23:41:38
395290,2,HANARO Fn K-POP&미디어,4840,3,0,0.0,4822.0,-25.4812,0,0,305,2026-08-25 23:41:38
252710,3,TIGER 200선물인버스2X,85,3,0,0.0,86.0,-22.7273,0,0,304,2026-08-25 23:41:38
464920,4,PLUS 일본반도체소부장,24300,3,0,0.0,24341.0,-5.1893,0,0,304,2026-08-25 23:41:38
275290,2,KODEX 가치주,33705,3,0,0.0,33813.0,-8.0493,0,0,303,2026-08-25 23:41:38
156080,1,KODEX MSCI Korea,50490,3,0,0.0,50792.0,-12.8745,0,0,303,2026-08-25 23:41:38
0150K0,2,KoAct 수소전력ESS인프라액티브,10420,3,0,0.0,10467.0,-34.8547,0,0,302,2026-08-25 23:41:38
261250,7,KODEX 미국달러선물레버리지,16015,3,0,0.0,16043.0,-15.998,0,0,301,2026-08-25 23:41:38
117680,2,KODEX 철강,13000,3,0,0.0,12954.0,-20.8375,0,0,300,2026-08-25 23:41:38
192720,2,파워 고배당저변동성,58580,3,0,0.0,58750.0,-3.6434,0,0,299,2026-08-25 23:41:38
469790,2,KIWOOM 코리아테크TOP10,42550,3,0,0.0,42370.0,-10.6683,0,0,298,2026-08-25 23:41:38
117460,2,KODEX 에너지화학,13600,3,0,0.0,13574.0,-18.3378,0,0,295,2026-08-25 23:41:38
0192M0,2,RISE 삼성전자단일종목레버리지,10815,3,0,0.0,10854.0,,0,0,295,2026-08-25 23:41:38
446690,4,KODEX 아시아AI반도체exChina액티브,58890,3,0,0.0,59126.0,-15.693,0,0,294,2026-08-25 23:41:38
0203S0,7,WON 삼성전자현대차채권혼합50,8775,3,0,0.0,8756.0,,0,0,294,2026-08-25 23:41:38
145850,2,TREX 펀더멘탈 200,117300,3,0,0.0,116811.0,-7.4407,0,0,293,2026-08-25 23:41:38
0107F0,4,KIWOOM 미국고배당&AI테크,11460,3,0,0.0,11517.0,-5.0552,0,0,292,2026-08-25 23:41:38
387270,4,TIGER 글로벌이노베이션액티브,24105,3,0,0.0,24203.0,-16.635,0,0,292,2026-08-25 23:41:38
0155M0,4,ACE 미국SMR원자력TOP10,6980,3,0,0.0,6914.0,-22.4445,0,0,290,2026-08-25 23:41:38
415340,4,KODEX 차이나과창판STAR50(합성),13915,3,0,0.0,13909.0,-16.2252,0,0,288,2026-08-25 23:41:38
289480,3,TIGER 200커버드콜,12515,3,0,0.0,12624.0,12.0059,0,0,288,2026-08-25 23:41:38
450190,4,KODEX 한중반도체(합성),47750,3,0,0.0,47552.0,-15.9923,0,0,287,2026-08-25 23:41:38
0184E0,7,1Q 200채권혼합50액티브,10865,3,0,0.0,10910.0,-5.7271,0,0,282,2026-08-25 23:41:38
494340,4,ACE 글로벌AI맞춤형반도체,18685,3,0,0.0,18355.0,-20.4386,0,0,280,2026-08-25 23:41:38
223190,2,KODEX 200가치저변동,27950,3,0,0.0,27901.0,-9.2535,0,0,280,2026-08-25 23:41:38
253250,3,KIWOOM 200선물레버리지,96310,3,0,0.0,96378.0,-37.8886,0,0,279,2026-08-25 23:41:38
475380,7,RISE 글로벌리얼티인컴,10525,3,0,0.0,10575.0,-9.4427,0,0,279,2026-08-25 23:41:38
0166N0,1,PLUS 코스닥150액티브,7530,3,0,0.0,7584.0,-34.3219,0,0,279,2026-08-25 23:41:38
0218J0,7,RISE 미국우주&로봇TOP2미국채혼합50,8945,3,0,0.0,8888.0,,0,0,277,2026-08-25 23:41:38
493420,4,SOL 미국배당다우존스2호,13060,3,0,0.0,13095.0,0.2259,0,0,274,2026-08-25 23:41:38
225130,4,ACE 골드선물 레버리지(합성 H),54705,3,0,0.0,54682.0,1.5971,0,0,274,2026-08-25 23:41:38
0137W0,4,KIWOOM 미국S&P500&GOLD,10480,3,0,0.0,10481.0,-5.7076,0,0,272,2026-08-25 23:41:38
261060,2,TIGER 코스닥150IT,23425,3,0,0.0,23514.0,-26.6824,0,0,272,2026-08-25 23:41:38
440340,7,TIGER 글로벌멀티에셋TIF액티브,12075,3,0,0.0,12097.0,-7.3166,0,0,272,2026-08-25 23:41:38
479850,2,HANARO K-뷰티,20095,3,0,0.0,20083.0,23.8139,0,0,271,2026-08-25 23:41:38
459790,4,KIWOOM 미국성장기업30액티브,20030,3,0,0.0,19871.0,-16.5243,0,0,270,2026-08-25 23:41:38
0013R0,7,RISE 테슬라미국채타겟커버드콜혼합(합성),7930,3,0,0.0,7897.0,-13.6783,0,0,270,2026-08-25 23:41:38
437350,6,RISE 미국단기투자등급회사채액티브,12245,3,0,0.0,12253.0,-8.0016,0,0,269,2026-08-25 23:41:38
419430,4,KODEX 차이나2차전지MSCI(합성),9610,3,0,0.0,9596.0,-21.7746,0,0,269,2026-08-25 23:41:38
456680,4,TIGER 차이나전기차레버리지(합성),6580,3,0,0.0,6574.0,-44.1427,0,0,268,2026-08-25 23:41:38
0223R0,4,TIGER 미국테크NYSE100액티브,9180,3,0,0.0,9067.0,,0,0,267,2026-08-25 23:41:38
245360,4,TIGER 차이나HSCEI,12420,3,0,0.0,12369.0,-8.6268,0,0,267,2026-08-25 23:41:38
167860,6,KIWOOM 국고채10년레버리지,92015,3,0,0.0,92215.0,-1.2715,0,0,267,2026-08-25 23:41:38
0152E0,2,SOL 배당성향탑픽액티브,10825,3,0,0.0,10832.0,-9.1502,0,0,265,2026-08-25 23:41:38
0103T0,2,1Q K소버린AI,8935,3,0,0.0,8923.0,-4.0795,0,0,264,2026-08-25 23:41:38
461600,6,SOL 미국30년국채액티브(H),8345,3,0,0.0,8345.0,-1.4177,0,0,263,2026-08-25 23:41:38
0115C0,4,RISE 미국고배당다우존스TOP10,11405,3,0,0.0,11423.0,-0.7076,0,0,262,2026-08-25 23:41:38
0049K0,7,ACE 미국배당퀄리티채권혼합50,11135,3,0,0.0,11153.0,-3.337,0,0,262,2026-08-25 23:41:38
489290,4,WON 미국빌리어네어,14920,3,0,0.0,14817.0,-10.1476,0,0,261,2026-08-25 23:41:38
185680,4,KODEX 미국S&P바이오(합성),48625,3,0,0.0,48600.0,12.7274,0,0,259,2026-08-25 23:41:38
0047R0,4,RISE 팔란티어고정테크100,15195,3,0,0.0,15182.0,-1.4539,0,0,258,2026-08-25 23:41:38
0198D0,2,1Q SK하이닉스선물단일종목레버리지,8775,3,0,0.0,8833.0,,0,0,258,2026-08-25 23:41:38
0164G0,4,RISE 차이나AI반도체TOP4Plus,12280,3,0,0.0,12395.0,-19.4755,0,0,258,2026-08-25 23:41:38
414270,4,ACE 글로벌자율주행액티브,11890,3,0,0.0,11864.0,-18.2256,0,0,256,2026-08-25 23:41:38
368190,2,HANARO Fn K-뉴딜디지털플러스,7965,3,0,0.0,8000.0,-12.9509,0,0,255,2026-08-25 23:41:38
277540,4,ACE 아시아TOP50,31795,3,0,0.0,31734.0,-7.5324,0,0,254,2026-08-25 23:41:38
0097L0,7,KIWOOM 한국고배당&미국AI테크,12545,3,0,0.0,12582.0,-6.7168,0,0,251,2026-08-25 23:41:38
139250,2,TIGER 200 에너지화학,17500,3,0,0.0,17477.0,-14.1334,0,0,249,2026-08-25 23:41:38
483570,4,KCGI 미국S&P500 TOP10,15525,3,0,0.0,15429.0,-11.5889,0,0,248,2026-08-25 23:41:38
496120,1,ACE 코리아밸류업,32935,3,0,0.0,33110.0,-10.9293,0,0,247,2026-08-25 23:41:38
411540,1,SOL 200 Top10,17360,3,0,0.0,17312.0,-14.3652,0,0,243,2026-08-25 23:41:38
195970,4,PLUS 선진국MSCI(합성 H),16530,3,0,0.0,16657.0,3.4741,0,0,241,2026-08-25 23:41:38
292500,1,SOL KRX300,47960,3,0,0.0,48205.0,-14.2777,0,0,240,2026-08-25 23:41:38
0206G0,7,1Q 현대차기아채권혼합50,8385,3,0,0.0,8409.0,,0,0,239,2026-08-25 23:41:38
481340,6,RISE 미국30년국채액티브,8670,3,0,0.0,8654.0,-9.7394,0,0,238,2026-08-25 23:41:38
280930,4,KODEX 미국러셀2000(H),17000,3,0,0.0,16935.0,4.7765,0,0,238,2026-08-25 23:41:38
269420,4,KODEX S&P글로벌인프라(합성),22330,3,0,0.0,22343.0,-10.1228,0,0,237,2026-08-25 23:41:38
292160,1,TIGER KRX300,47440,3,0,0.0,47313.0,-14.0595,0,0,237,2026-08-25 23:41:38
204450,4,KODEX 차이나H레버리지(H),2345,3,0,0.0,2338.0,-4.8682,0,0,237,2026-08-25 23:41:38
159800,1,마이티 코스피100,84520,3,0,0.0,84590.0,-13.206,0,0,237,2026-08-25 23:41:38
461450,1,KODEX 코스닥글로벌,15710,3,0,0.0,15640.0,-22.0348,0,0,236,2026-08-25 23:41:38
138230,7,KIWOOM 미국달러선물,16235,3,0,0.0,16239.0,-7.8604,0,0,235,2026-08-25 23:41:38
442550,7,RISE TDF2030액티브 적격,14700,3,0,0.0,14613.0,-3.9393,0,0,235,2026-08-25 23:41:38
289250,2,TIGER MSCI KOREA ESG유니버설,34050,3,0,0.0,34247.0,-11.2087,0,0,235,2026-08-25 23:41:38
0093D0,7,KoAct 팔란티어밸류체인액티브,17330,3,0,0.0,17260.0,-11.5365,0,0,234,2026-08-25 23:41:38
300950,2,KODEX 게임산업,5530,3,0,0.0,5509.0,-15.5081,0,0,232,2026-08-25 23:41:38
367740,2,HANARO Fn5G산업,42225,3,0,0.0,42385.0,-9.4953,0,0,232,2026-08-25 23:41:38
0198B0,2,1Q 삼성전자선물단일종목레버리지,10980,3,0,0.0,11042.0,,0,0,231,2026-08-25 23:41:38
388280,2,RISE K엔터&여행레저,6930,3,0,0.0,6950.0,-17.0557,0,0,230,2026-08-25 23:41:38
364690,1,KODEX 혁신기술테마액티브,38330,3,0,0.0,38431.0,-14.6275,0,0,230,2026-08-25 23:41:38
438320,4,TIGER 차이나항셍테크레버리지(합성 H),5235,3,0,0.0,5248.0,-13.9688,0,0,230,2026-08-25 23:41:38
471460,6,KIWOOM 국고채30년액티브,45290,3,0,0.0,45246.0,-6.697,0,0,226,2026-08-25 23:41:38
477730,4,KODEX 인도타타그룹,7520,3,0,0.0,7549.0,-7.2596,0,0,226,2026-08-25 23:41:38
469160,4,ACE 일본반도체,25055,3,0,0.0,25004.0,-12.9884,0,0,225,2026-08-25 23:41:38
464600,2,SOL 자동차소부장Fn,23710,3,0,0.0,23612.0,-19.6408,0,0,225,2026-08-25 23:41:38
0067V0,4,TIGER 차이나글로벌리더스TOP3+,10210,3,0,0.0,10223.0,-14.8813,0,0,225,2026-08-25 23:41:38
0047P0,4,RISE 테슬라고정테크100,14420,3,0,0.0,14358.0,-10.8753,0,0,224,2026-08-25 23:41:38
0065G0,4,KODEX 차이나테크TOP10,8690,3,0,0.0,8749.0,-16.4982,0,0,222,2026-08-25 23:41:38
0127R0,4,RISE 미국AI클라우드인프라,16395,3,0,0.0,16155.0,-15.3068,0,0,221,2026-08-25 23:41:38
0153X0,4,PLUS 미국고배당주액티브,11625,3,0,0.0,11639.0,2.1934,0,0,221,2026-08-25 23:41:38
217770,5,TIGER 원유선물인버스(H),1270,3,0,0.0,1267.0,3.5044,0,0,220,2026-08-25 23:41:38
239660,6,PLUS 우량회사채50,121680,3,0,0.0,121687.0,0.7159,0,0,219,2026-08-25 23:41:38
447660,7,PLUS 애플채권혼합,13605,3,0,0.0,13641.0,-0.9878,0,0,218,2026-08-25 23:41:38
433220,4,에셋플러스 글로벌대장장이액티브,29415,3,0,0.0,29267.0,-18.967,0,0,218,2026-08-25 23:41:38
465670,4,TIGER 미국캐시카우100,17375,3,0,0.0,17199.0,10.2013,0,0,217,2026-08-25 23:41:38
375760,2,HANARO 탄소효율그린뉴딜,24105,3,0,0.0,24019.0,-11.6527,0,0,217,2026-08-25 23:41:38
0026E0,4,KODEX 미국S&P500버퍼3월액티브,11720,3,0,0.0,11767.0,-6.0898,0,0,217,2026-08-25 23:41:38
376410,2,TIGER 탄소효율그린뉴딜,24055,3,0,0.0,24113.0,-12.9838,0,0,216,2026-08-25 23:41:38
404260,2,KODEX 기후변화솔루션,23940,3,0,0.0,23841.0,-17.9508,0,0,215,2026-08-25 23:41:38
0186L0,4,KoAct 미국로봇피지컬AI액티브,9105,3,0,0.0,9031.0,-16.6591,0,0,214,2026-08-25 23:41:38
253290,7,RISE 헬스케어채권혼합,11830,3,0,0.0,11866.0,-3.5333,0,0,213,2026-08-25 23:41:38
108590,1,TREX 200,106320,3,0,0.0,106214.0,-13.5798,0,0,213,2026-08-25 23:41:38
371450,4,TIGER 글로벌클라우드컴퓨팅INDXX,13620,3,0,0.0,13639.0,9.7502,0,0,212,2026-08-25 23:41:38
0177A0,2,WON 두산그룹포커스,8610,3,0,0.0,8604.0,-30.7043,0,0,211,2026-08-25 23:41:38
463300,4,RISE 중국본토CSI300,13145,3,0,0.0,13230.0,-11.3944,0,0,210,2026-08-25 23:41:38
300640,2,RISE 게임테마,6425,3,0,0.0,6438.0,-13.4098,0,0,209,2026-08-25 23:41:38
417630,2,TIGER KEDI혁신기업ESG30,19860,3,0,0.0,19786.0,-7.3478,0,0,209,2026-08-25 23:41:38
364990,2,TIGER 게임TOP10,4780,3,0,0.0,4762.0,-15.2483,0,0,208,2026-08-25 23:41:38
0192S0,7,SOL 코스피200채권혼합50,9395,3,0,0.0,9384.0,-6.0866,0,0,207,2026-08-25 23:41:38
152380,6,KODEX 국채선물10년,64935,3,0,0.0,64971.0,-0.2995,0,0,206,2026-08-25 23:41:38
0144M0,4,KODEX 미국드론UAM TOP10,7500,3,0,0.0,7454.0,-18.6551,0,0,206,2026-08-25 23:41:38
437070,6,KODEX 아시아달러채권ESG플러스액티브,59550,3,0,0.0,59567.0,-8.6015,0,0,206,2026-08-25 23:41:38
0224X0,7,1Q 엔비디아알파벳미국채혼합50,9795,3,0,0.0,9698.0,,0,0,206,2026-08-25 23:41:38
091220,2,TIGER 은행,16570,3,0,0.0,16550.0,5.1126,0,0,205,2026-08-25 23:41:38
169950,4,KODEX 차이나A50,25500,3,0,0.0,25571.0,-10.808,0,0,204,2026-08-25 23:41:38
226980,1,KODEX 200 중소형,22655,3,0,0.0,22795.0,-17.7321,0,0,204,2026-08-25 23:41:38
304770,1,HANARO 코스닥150,14305,3,0,0.0,14320.0,-27.6795,0,0,203,2026-08-25 23:41:38
489000,6,PLUS 일본엔화초단기국채(합성),9200,3,0,0.0,9213.0,-8.6849,0,0,202,2026-08-25 23:41:38
337120,2,KODEX 멀티팩터,33655,3,0,0.0,33858.0,-14.5156,0,0,202,2026-08-25 23:41:38
0231Z0,7,KODEX 코리아TDF2065액티브 적격,10075,3,0,0.0,10062.0,,0,0,202,2026-08-25 23:41:38
416090,4,ACE 중국과창판STAR50,12500,3,0,0.0,12549.0,-18.3007,0,0,200,2026-08-25 23:41:38
0190M0,4,KIWOOM 미국AI테크하이베타,8140,3,0,0.0,7967.0,-26.7986,0,0,199,2026-08-25 23:41:38
497780,4,KoAct 미국천연가스인프라액티브,10650,3,0,0.0,10574.0,-11.5343,0,0,197,2026-08-25 23:41:38
0223A0,2,RISE 코스닥커버드콜액티브,10615,3,0,0.0,10674.0,,0,0,196,2026-08-25 23:41:38
289040,2,KODEX MSCI KOREA ESG유니버설,32630,3,0,0.0,32840.0,-11.3634,0,0,196,2026-08-25 23:41:38
407310,1,HANARO 200 TOP10,16975,3,0,0.0,16946.0,-13.9953,0,0,195,2026-08-25 23:41:38
213630,4,PLUS 미국다우존스고배당주(합성 H),21170,3,0,0.0,21265.0,6.3551,0,0,195,2026-08-25 23:41:38
379790,4,RISE 유로스탁스50(H),17535,3,0,0.0,17521.0,6.9942,0,0,193,2026-08-25 23:41:38
0203R0,6,WON 중단기종합채권(A-이상)액티브,50450,3,0,0.0,50467.0,,0,0,192,2026-08-25 23:41:38
284980,2,RISE 200금융,22070,3,0,0.0,22128.0,-4.1172,0,0,190,2026-08-25 23:41:38
0105D0,2,SOL 한국AI소프트웨어,9975,3,0,0.0,9944.0,-4.7278,0,0,190,2026-08-25 23:41:38
487950,4,KODEX 대만테크고배당다우존스,13055,3,0,0.0,13141.0,-3.6866,0,0,189,2026-08-25 23:41:38
0018Z0,4,RISE 미국양자컴퓨팅,18015,3,0,0.0,17886.0,-16.0874,0,0,189,2026-08-25 23:41:38
0104P0,2,TIGER 코리아배당다우존스위클리커버드콜,11075,3,0,0.0,11117.0,-7.0196,0,0,188,2026-08-25 23:41:38
228820,1,TIGER KTOP30,18660,3,0,0.0,18684.0,-11.4135,0,0,187,2026-08-25 23:41:38
304760,1,HANARO KRX300,46575,3,0,0.0,46400.0,-13.3038,0,0,186,2026-08-25 23:41:38
229720,1,KODEX KTOP30,37155,3,0,0.0,37027.0,-11.7014,0,0,186,2026-08-25 23:41:38
445910,2,TIGER MKF배당귀족,20630,3,0,0.0,20740.0,-8.7196,0,0,186,2026-08-25 23:41:38
183710,7,RISE 주식혼합,91230,3,0,0.0,91706.0,-10.518,0,0,182,2026-08-25 23:41:38
445690,2,BNK 주주가치액티브,30225,3,0,0.0,30098.0,-12.4167,0,0,181,2026-08-25 23:41:38
276000,4,TIGER 글로벌자원생산기업(합성 H),21210,3,0,0.0,21533.0,3.8179,0,0,180,2026-08-25 23:41:38
468370,6,KODEX iShares미국인플레이션국채액티브,10760,3,0,0.0,10768.0,-8.7494,0,0,180,2026-08-25 23:41:38
385600,2,ACE 2차전지&친환경차액티브,11955,3,0,0.0,11966.0,-19.1957,0,0,179,2026-08-25 23:41:38
449580,7,RISE 테슬라애플아마존채권혼합,16115,3,0,0.0,16124.0,-5.4548,0,0,177,2026-08-25 23:41:38
461900,4,PLUS 미국테크TOP10,21950,3,0,0.0,21771.0,-12.0241,0,0,176,2026-08-25 23:41:38
461910,4,PLUS 미국테크TOP10레버리지(합성),35010,3,0,0.0,34572.0,-25.5265,0,0,175,2026-08-25 23:41:38
483330,4,ACE 마이크로소프트밸류체인액티브,14580,3,0,0.0,14524.0,-4.6436,0,0,175,2026-08-25 23:41:38
415760,4,SOL 차이나육성산업액티브(합성),12850,3,0,0.0,12941.0,-16.6126,0,0,175,2026-08-25 23:41:38
195920,4,TIGER 일본TOPIX(합성 H),34930,3,0,0.0,35311.0,5.4013,0,0,175,2026-08-25 23:41:38
227830,1,PLUS 코스피,69450,3,0,0.0,69780.0,-14.5686,0,0,174,2026-08-25 23:41:38
404120,2,TIME K신재생에너지액티브,24760,3,0,0.0,24949.0,-19.5582,0,0,173,2026-08-25 23:41:38
0086C0,7,TIGER 리츠부동산인프라10채권혼합액티브,9870,3,0,0.0,9856.0,-1.8774,0,0,173,2026-08-25 23:41:38
460660,4,RISE 미국S&P배당킹,12330,3,0,0.0,12296.0,4.1039,0,0,173,2026-08-25 23:41:38
236350,4,TIGER 인도니프티50레버리지(합성),27835,3,0,0.0,27856.0,-15.3437,0,0,173,2026-08-25 23:41:38
474920,4,에셋플러스 차이나일등기업포커스10액티브,18320,3,0,0.0,18354.0,-0.6239,0,0,172,2026-08-25 23:41:38
477490,4,에셋플러스 글로벌일등기업포커스10액티브,19030,3,0,0.0,18994.0,-13.4804,0,0,171,2026-08-25 23:41:38
225060,4,TIGER 이머징마켓MSCI레버리지(합성 H),16095,3,0,0.0,16263.0,-2.0986,0,0,171,2026-08-25 23:41:38
457690,6,KODEX 33-06 국고채액티브,10500,3,0,0.0,10489.0,0.2865,0,0,170,2026-08-25 23:41:38
250730,4,RISE 차이나HSCEI(H),9970,3,0,0.0,10011.0,-0.2502,0,0,169,2026-08-25 23:41:38
391670,1,HK 베스트일레븐액티브,28200,3,0,0.0,28248.0,-11.2371,0,0,169,2026-08-25 23:41:38
289260,2,TIGER MSCI KOREA ESG리더스,28190,3,0,0.0,28361.0,-8.6668,0,0,169,2026-08-25 23:41:38
292050,1,RISE KRX300,48175,3,0,0.0,48461.0,-14.4696,0,0,169,2026-08-25 23:41:38
494420,2,PLUS 미국배당증가성장주데일리커버드콜,9350,3,0,0.0,9324.0,-1.4596,0,0,168,2026-08-25 23:41:38
0193K0,2,PLUS 삼성전자단일종목레버리지,11780,3,0,0.0,11727.0,,0,0,168,2026-08-25 23:41:38
332620,6,PLUS 미국장기우량회사채,88805,3,0,0.0,88906.0,-10.2,0,0,166,2026-08-25 23:41:38
291130,4,ACE MSCI멕시코(합성),18335,3,0,0.0,18474.0,-9.4792,0,0,165,2026-08-25 23:41:38
266410,2,KODEX 필수소비재,10300,3,0,0.0,10295.0,6.0114,0,0,165,2026-08-25 23:41:38
419650,4,PLUS 글로벌수소&차세대연료전지,5050,3,0,0.0,5035.0,-37.345,0,0,164,2026-08-25 23:41:38
0193L0,2,PLUS 삼성전자선물단일종목인버스2X,9555,3,0,0.0,9599.0,,0,0,162,2026-08-25 23:41:38
219390,4,RISE 미국S&P원유생산기업(합성 H),8030,3,0,0.0,8201.0,4.4892,0,0,161,2026-08-25 23:41:38
453630,4,KODEX 미국S&P500필수소비재,12800,3,0,0.0,12801.0,-4.6454,0,0,160,2026-08-25 23:41:38
131890,2,ACE 삼성그룹동일가중,39780,3,0,0.0,40021.0,-4.9917,0,0,159,2026-08-25 23:41:38
432840,4,HANARO 미국S&P500,19755,3,0,0.0,19769.0,-6.0603,0,0,158,2026-08-25 23:41:38
265690,4,ACE 러시아MSCI(합성),8535,3,0,0.0,48.0,0.0,0,0,158,2026-08-25 23:41:38
438900,2,HANARO Fn K-푸드,11900,3,0,0.0,11875.0,0.0917,0,0,155,2026-08-25 23:41:38
0220A0,7,KIWOOM 현대차그룹TOP3채권혼합50,9635,3,0,0.0,9645.0,,0,0,154,2026-08-25 23:41:38
0207Z0,4,KIWOOM 미국우주데이터센터인프라,6945,3,0,0.0,6871.0,,0,0,153,2026-08-25 23:41:38
337150,2,KODEX 200exTOP,25250,3,0,0.0,25365.0,-14.4012,0,0,152,2026-08-25 23:41:38
114460,6,ACE 국고채3년,100750,3,0,0.0,100806.0,0.7573,0,0,151,2026-08-25 23:41:38
0051A0,4,KoAct 브로드컴밸류체인액티브,23230,3,0,0.0,22959.0,-13.4179,0,0,151,2026-08-25 23:41:38
453820,4,KODEX 인도Nifty50레버리지(합성),11575,3,0,0.0,11592.0,-14.733,0,0,150,2026-08-25 23:41:38
491510,2,파워 K-주주가치액티브,17685,3,0,0.0,17774.0,-7.6222,0,0,150,2026-08-25 23:41:38
413930,2,WON AI ESG액티브,27305,3,0,0.0,27350.0,-14.8183,0,0,150,2026-08-25 23:41:38
488290,4,MIDAS 일본테크액티브,42725,3,0,0.0,43830.0,-14.6695,0,0,150,2026-08-25 23:41:38
104520,2,KIWOOM 블루칩,14950,3,0,0.0,15062.0,-9.4498,0,0,150,2026-08-25 23:41:38
387280,2,TIGER 퓨처모빌리티액티브,11770,3,0,0.0,11728.0,-24.0155,0,0,149,2026-08-25 23:41:38
0216Z0,2,ACE K방산TOP5+,8780,3,0,0.0,8821.0,,0,0,149,2026-08-25 23:41:38
0104G0,2,PLUS K방산레버리지,6145,3,0,0.0,6152.0,-53.9701,0,0,147,2026-08-25 23:41:38
453010,7,PLUS KOFR금리,109795,3,0,0.0,109794.0,0.66,0,0,147,2026-08-25 23:41:38
130680,5,TIGER 원유선물Enhanced(H),6930,3,0,0.0,6962.0,-10.3493,0,0,146,2026-08-25 23:41:38
0013P0,4,RISE 미국은행TOP10,13010,3,0,0.0,12972.0,5.6136,0,0,143,2026-08-25 23:41:38
0153P0,2,ACE 리츠부동산인프라액티브,9540,3,0,0.0,9599.0,-3.1854,0,0,143,2026-08-25 23:41:38
0090B0,2,PLUS K방산소부장,6650,3,0,0.0,6642.0,-46.8,0,0,143,2026-08-25 23:41:38
404650,2,SOL KRX기후변화솔루션,23775,3,0,0.0,23768.0,-18.5746,0,0,143,2026-08-25 23:41:38
102960,2,KODEX 기계장비,13445,3,0,0.0,13396.0,-30.2465,0,0,143,2026-08-25 23:41:38
234310,2,RISE V&S셀렉트밸류,28170,3,0,0.0,28207.0,-13.0422,0,0,141,2026-08-25 23:41:38
244620,2,KODEX 모멘텀Plus,20115,3,0,0.0,20035.0,-19.5722,0,0,141,2026-08-25 23:41:38
0028X0,4,KODEX 미국금융테크액티브,12240,3,0,0.0,12285.0,7.5454,0,0,141,2026-08-25 23:41:38
0004G0,4,1Q 미국배당TOP30,9365,3,0,0.0,9379.0,2.3219,0,0,140,2026-08-25 23:41:38
373490,2,KODEX 코리아혁신성장액티브,25195,3,0,0.0,25383.0,-26.2766,0,0,139,2026-08-25 23:41:38
272570,6,RISE 중장기국공채액티브,108045,3,0,0.0,108029.0,0.699,0,0,138,2026-08-25 23:41:38
417450,4,RISE 글로벌수소경제,16000,3,0,0.0,16014.0,-30.6894,0,0,136,2026-08-25 23:41:38
485810,4,TIME 글로벌바이오액티브,11745,3,0,0.0,11731.0,12.7159,0,0,135,2026-08-25 23:41:38
496130,1,TRUSTON 코리아밸류업액티브,24970,3,0,0.0,25141.0,-16.0955,0,0,135,2026-08-25 23:41:38
0127T0,4,KIWOOM 미국S&P500&배당다우존스비중전환,11185,3,0,0.0,11159.0,-4.478,0,0,134,2026-08-25 23:41:38
0088N0,2,WON K-글로벌수급상위,10720,3,0,0.0,10779.0,-24.2671,0,0,134,2026-08-25 23:41:38
0222F0,2,마이티 AI데이터센터밸류체인,12710,3,0,0.0,12655.0,,0,0,133,2026-08-25 23:41:38
0127V0,4,KIWOOM 미국S&P500 TOP10&배당다우비중전환,10640,3,0,0.0,10631.0,-9.2383,0,0,133,2026-08-25 23:41:38
428560,4,KODEX 미국ETF산업Top10 Indxx,16535,3,0,0.0,16631.0,-0.0887,0,0,132,2026-08-25 23:41:38
0194R0,2,KIWOOM SK하이닉스선물단일종목레버리지,8395,3,0,0.0,8354.0,,0,0,132,2026-08-25 23:41:38
396510,4,TIGER 차이나클린에너지SOLACTIVE,7345,3,0,0.0,7398.0,-24.0042,0,0,132,2026-08-25 23:41:38
266390,2,KODEX 경기소비재,14670,3,0,0.0,14777.0,-0.2591,0,0,132,2026-08-25 23:41:38
360150,2,KODEX 코스닥150롱코스피200숏선물,3215,3,0,0.0,3215.0,-22.4367,0,0,132,2026-08-25 23:41:38
300610,2,TIGER K게임,5370,3,0,0.0,5399.0,-14.4905,0,0,132,2026-08-25 23:41:38
472720,1,TRUSTON 주주가치액티브,25225,3,0,0.0,25311.0,-16.3766,0,0,131,2026-08-25 23:41:38
137610,5,TIGER 농산물선물Enhanced(H),5675,3,0,0.0,5710.0,3.4639,0,0,131,2026-08-25 23:41:38
252650,1,KODEX 200동일가중,18640,3,0,0.0,18709.0,-10.8229,0,0,130,2026-08-25 23:41:38
290080,3,RISE 200고배당커버드콜ATM,7395,3,0,0.0,7449.0,13.1834,0,0,129,2026-08-25 23:41:38
409810,4,KODEX 미국나스닥100선물인버스(H),5580,3,0,0.0,5615.0,0.45,0,0,128,2026-08-25 23:41:38
400570,4,KODEX 유럽탄소배출권선물ICE(H),11550,3,0,0.0,11549.0,12.0271,0,0,127,2026-08-25 23:41:38
176950,6,KODEX 국채선물10년인버스,60380,3,0,0.0,60312.0,1.3002,0,0,127,2026-08-25 23:41:38
435040,4,ACE 글로벌브랜드TOP10,19495,3,0,0.0,19509.0,-6.2206,0,0,127,2026-08-25 23:41:38
395760,2,PLUS ESG성장주액티브,21065,3,0,0.0,21132.0,-14.1606,0,0,126,2026-08-25 23:41:38
0015F0,7,KIWOOM 팔란티어미국30년국채혼합액티브(H),10530,3,0,0.0,10587.0,5.7306,0,0,126,2026-08-25 23:41:38
489860,4,KIWOOM 글로벌전력GRID인프라,14865,3,0,0.0,14927.0,-15.016,0,0,126,2026-08-25 23:41:38
279540,2,KODEX 최소변동성,20830,3,0,0.0,20970.0,-14.2736,0,0,125,2026-08-25 23:41:38
484890,6,SOL 머니마켓액티브,52510,3,0,0.0,52504.0,0.671,0,0,125,2026-08-25 23:41:38
435550,7,KIWOOM TDF2050액티브 적격,17850,3,0,0.0,17856.0,-6.8356,0,0,125,2026-08-25 23:41:38
363510,6,SOL KIS단기통안채,112095,3,0,0.0,112102.0,0.5651,0,0,124,2026-08-25 23:41:38
453660,4,KODEX 미국S&P500경기소비재,17705,3,0,0.0,17717.0,-8.3896,0,0,124,2026-08-25 23:41:38
453060,6,HANARO KOFR금리액티브(합성),111340,3,0,0.0,111347.0,0.6645,0,0,122,2026-08-25 23:41:38
251590,2,PLUS 고배당저변동50,17420,3,0,0.0,17351.0,-4.6003,0,0,122,2026-08-25 23:41:38
0208N0,1,IBK 코스피액티브,7380,3,0,0.0,7412.0,,0,0,122,2026-08-25 23:41:38
140580,2,RISE 우량업종대표주,24295,3,0,0.0,24439.0,-15.0822,0,0,121,2026-08-25 23:41:38
0000H0,2,KODEX 인도Nifty미드캡100,10525,3,0,0.0,10537.0,-5.56,0,0,121,2026-08-25 23:41:38
332610,6,PLUS 미국단기회사채(AAA~A),126040,3,0,0.0,126362.0,-8.0544,0,0,121,2026-08-25 23:41:38
487750,2,BNK 온디바이스AI,30050,3,0,0.0,29998.0,-20.8273,0,0,120,2026-08-25 23:41:38
269530,4,PLUS S&P글로벌인프라,19980,3,0,0.0,20051.0,-9.8915,0,0,120,2026-08-25 23:41:38
269370,4,TIGER S&P글로벌인프라(합성),17095,3,0,0.0,17195.0,-10.2885,0,0,120,2026-08-25 23:41:38
457700,6,KODEX 53-09 국고채액티브,9065,3,0,0.0,9068.0,-6.1109,0,0,120,2026-08-25 23:41:38
404540,2,TIGER KRX기후변화솔루션,23770,3,0,0.0,23930.0,-19.2174,0,0,119,2026-08-25 23:41:38
410870,2,TIME K컬처액티브,9880,3,0,0.0,9922.0,-10.8706,0,0,119,2026-08-25 23:41:38
448490,6,HANARO 32-10 국고채액티브,52830,3,0,0.0,52840.0,-0.546,0,0,118,2026-08-25 23:41:38
0221Z0,2,ACE K바이오코스닥액티브,10755,3,0,0.0,10832.0,,0,0,118,2026-08-25 23:41:38
0008E0,4,ACE 미국중심중소형제조업,12385,3,0,0.0,12377.0,-15.2873,0,0,118,2026-08-25 23:41:38
166400,3,TIGER 200커버드콜OTM,23285,3,0,0.0,23339.0,3.8279,0,0,116,2026-08-25 23:41:38
354240,7,RISE 미국고정배당우선증권,10575,3,0,0.0,10617.0,-10.6842,0,0,116,2026-08-25 23:41:38
280920,2,PLUS 주도업종,23225,3,0,0.0,23368.0,-17.2015,0,0,116,2026-08-25 23:41:38
0222D0,2,KoAct 고배당액티브,10435,3,0,0.0,10486.0,,0,0,115,2026-08-25 23:41:38
451600,6,PLUS 국고채30년액티브,83475,3,0,0.0,83423.0,-6.8412,0,0,114,2026-08-25 23:41:38
140710,2,KODEX 운송,6660,3,0,0.0,6647.0,-2.9241,0,0,113,2026-08-25 23:41:38
0113G0,4,KoAct 미국바이오헬스케어액티브,11910,3,0,0.0,11869.0,15.6872,0,0,113,2026-08-25 23:41:38
430500,7,KIWOOM 물가채KIS,112545,3,0,0.0,112541.0,-0.2968,0,0,113,2026-08-25 23:41:38
451150,4,에셋플러스 글로벌영에이지액티브,18140,3,0,0.0,18091.0,-3.5876,0,0,112,2026-08-25 23:41:38
0084E0,7,KIWOOM 미국대형주500월간목표헤지액티브,10205,3,0,0.0,10246.0,-8.3072,0,0,112,2026-08-25 23:41:38
463640,4,KODEX 미국S&P500유틸리티,13940,3,0,0.0,13855.0,-10.5933,0,0,112,2026-08-25 23:41:38
498050,2,HANARO 바이오코리아액티브,11150,3,0,0.0,11173.0,-20.2147,0,0,112,2026-08-25 23:41:38
461580,1,TIGER 코스닥글로벌,15885,3,0,0.0,15968.0,-22.0942,0,0,111,2026-08-25 23:41:38
464610,2,SOL 의료기기소부장Fn,7410,3,0,0.0,7446.0,-21.6288,0,0,111,2026-08-25 23:41:38
407820,2,에셋플러스 코리아플랫폼액티브,6130,3,0,0.0,6169.0,-22.3068,0,0,110,2026-08-25 23:41:38
446700,2,RISE 배터리 리사이클링,10555,3,0,0.0,10579.0,-25.1153,0,0,110,2026-08-25 23:41:38
371870,4,ACE 차이나항셍테크,6850,3,0,0.0,6821.0,-13.2363,0,0,110,2026-08-25 23:41:38
0094L0,4,RISE 차이나테크TOP10위클리타겟커버드콜,7815,3,0,0.0,7805.0,-12.8311,0,0,109,2026-08-25 23:41:38
385710,2,TIME K이노베이션액티브,10940,3,0,0.0,10910.0,-29.8043,0,0,109,2026-08-25 23:41:38
0002C0,4,에셋플러스 인도일등기업포커스20액티브,10055,3,0,0.0,10101.0,1.2588,0,0,109,2026-08-25 23:41:38
419420,4,KODEX 미국클린에너지나스닥,9010,3,0,0.0,8975.0,-28.566,0,0,108,2026-08-25 23:41:38
0203D0,7,PLUS 200위클리커버드콜채권혼합,8965,3,0,0.0,8973.0,,0,0,108,2026-08-25 23:41:38
310080,4,RISE 중국MSCI China(H),9310,3,0,0.0,9355.0,-2.3598,0,0,107,2026-08-25 23:41:38
0093B0,4,RISE 엔비디아고정테크100,12500,3,0,0.0,12482.0,-8.8205,0,0,106,2026-08-25 23:41:38
0191S0,1,IBK 코스닥150,14340,3,0,0.0,14427.0,-27.8673,0,0,106,2026-08-25 23:41:38
0068M0,4,KODEX 미국S&P500버퍼6월액티브,11780,3,0,0.0,11830.0,-4.3527,0,0,106,2026-08-25 23:41:38
0001P0,2,마이티 바이오시밀러&CDMO액티브,9360,3,0,0.0,9370.0,-19.6912,0,0,105,2026-08-25 23:41:38
181480,7,ACE 미국부동산리츠(합성 H),87135,3,0,0.0,86744.0,2.5261,0,0,105,2026-08-25 23:41:38
456250,4,KODEX 유럽명품TOP10 STOXX,9065,3,0,0.0,9091.0,-3.8221,0,0,104,2026-08-25 23:41:38
237440,7,TIGER 경기방어채권혼합,10335,3,0,0.0,10402.0,0.0,0,0,103,2026-08-25 23:41:38
354350,4,HANARO 글로벌럭셔리S&P(합성),19840,3,0,0.0,20042.0,-4.7528,0,0,103,2026-08-25 23:41:38
140570,2,RISE 수출주,25575,3,0,0.0,25733.0,-15.9271,0,0,102,2026-08-25 23:41:38
494180,4,TIME 글로벌소비트렌드액티브,13625,3,0,0.0,13531.0,-4.9198,0,0,102,2026-08-25 23:41:38
460270,6,KIWOOM 미국달러SOFR금리액티브(합성),12600,3,0,0.0,12604.0,-7.4551,0,0,102,2026-08-25 23:41:38
487910,4,ACE 인도컨슈머파워액티브,8505,3,0,0.0,8502.0,-3.8984,0,0,102,2026-08-25 23:41:38
174350,2,TIGER 로우볼,21065,3,0,0.0,21223.0,1.4354,0,0,101,2026-08-25 23:41:38
0189Z0,2,DAISHIN 금융&지주고배당,10100,3,0,0.0,10153.0,,0,0,101,2026-08-25 23:41:38
429010,4,TIGER 미국나스닥넥스트100,20020,3,0,0.0,19883.0,-1.7183,0,0,100,2026-08-25 23:41:38
0120J0,2,BNK 카카오그룹포커스,7950,3,0,0.0,7924.0,-10.9244,0,0,99,2026-08-25 23:41:38
463690,4,KODEX 미국S&P500커뮤니케이션,18045,3,0,0.0,18013.0,-11.1748,0,0,99,2026-08-25 23:41:38
0067Y0,4,TIGER 차이나AI소프트웨어,10435,3,0,0.0,10468.0,-23.1308,0,0,99,2026-08-25 23:41:38
0226G0,2,WON 피지컬AI TOP2플러스액티브,12280,3,0,0.0,12325.0,,0,0,98,2026-08-25 23:41:38
117690,4,TIGER 차이나항셍30,19570,3,0,0.0,19784.0,-9.8157,0,0,98,2026-08-25 23:41:38
139240,2,TIGER 200 철강소재,11645,3,0,0.0,11689.0,-17.4114,0,0,98,2026-08-25 23:41:38
252000,1,TIGER 200동일가중,19520,3,0,0.0,19593.0,-11.1395,0,0,98,2026-08-25 23:41:38
281990,2,RISE 중소형고배당,17670,3,0,0.0,17701.0,-7.0689,0,0,97,2026-08-25 23:41:38
0174R0,4,KIWOOM 미국성장다우존스,11310,3,0,0.0,11305.0,-6.9845,0,0,96,2026-08-25 23:41:38
482030,2,KoAct 반도체&2차전지핵심소재액티브,9060,3,0,0.0,9113.0,-32.5893,0,0,95,2026-08-25 23:41:38
227570,2,TIGER 우량가치,21020,3,0,0.0,21151.0,-9.3575,0,0,95,2026-08-25 23:41:38
449680,7,TIGER 한중전기차(합성),11110,3,0,0.0,10967.0,-25.3361,0,0,94,2026-08-25 23:41:38
0214M0,2,MIDAS 바이오헬스케어액티브,11095,3,0,0.0,11141.0,,0,0,94,2026-08-25 23:41:38
497510,4,ACE 글로벌빅파마,13465,3,0,0.0,13504.0,4.5094,0,0,94,2026-08-25 23:41:38
301400,1,PLUS 코스닥150,14365,3,0,0.0,14453.0,-28.3363,0,0,93,2026-08-25 23:41:38
230480,7,KIWOOM 미국달러선물인버스2X,4615,3,0,0.0,4606.0,18.7902,0,0,93,2026-08-25 23:41:38
341850,7,TIGER 리츠부동산인프라채권,4620,3,0,0.0,4617.0,-0.4082,0,0,92,2026-08-25 23:41:38
399580,4,RISE 글로벌클린에너지,9170,3,0,0.0,9166.0,-28.3867,0,0,92,2026-08-25 23:41:38
0084D0,7,KIWOOM 미국테크100월간목표헤지액티브,11290,3,0,0.0,11284.0,-9.7486,0,0,90,2026-08-25 23:41:38
375270,7,RISE 글로벌데이터센터리츠(합성),13875,3,0,0.0,13893.0,-18.0207,0,0,90,2026-08-25 23:41:38
0227K0,4,RISE 미국우주위성통신,9005,3,0,0.0,9025.0,,0,0,90,2026-08-25 23:41:38
0224D0,4,KIWOOM 미국CPU반도체TOP4+,8980,3,0,0.0,8910.0,,0,0,90,2026-08-25 23:41:38
0133E0,4,TIGER 차이나증권,8510,3,0,0.0,8624.0,-6.2776,0,0,89,2026-08-25 23:41:38
395150,2,KODEX 웹툰&드라마,1838,3,0,0.0,1841.0,-13.709,0,0,88,2026-08-25 23:41:38
371150,4,RISE 차이나항셍테크,6785,3,0,0.0,6804.0,-13.2624,0,0,88,2026-08-25 23:41:38
215620,2,HK S&P코리아로우볼,16330,3,0,0.0,16322.0,-4.4471,0,0,88,2026-08-25 23:41:38
0194N0,2,KIWOOM 삼성전자선물단일종목레버리지,10685,3,0,0.0,10761.0,,0,0,88,2026-08-25 23:41:38
105010,4,TIGER 라틴35,6295,3,0,0.0,6276.0,-11.3505,0,0,88,2026-08-25 23:41:38
497520,4,ACE 일라이릴리밸류체인,13445,3,0,0.0,13501.0,8.6025,0,0,87,2026-08-25 23:41:38
466810,2,BNK 2차전지양극재,5800,3,0,0.0,5778.0,-28.1734,0,0,87,2026-08-25 23:41:38
381570,2,HANARO Fn친환경에너지,10235,3,0,0.0,10273.0,-27.1012,0,0,87,2026-08-25 23:41:38
435540,7,KIWOOM TDF2040액티브 적격,17370,3,0,0.0,17340.0,-6.3534,0,0,87,2026-08-25 23:41:38
0216K0,7,KIWOOM 미국우주테크TOP2채권혼합50,8570,3,0,0.0,8570.0,,0,0,86,2026-08-25 23:41:38
217780,4,TIGER 차이나CSI300인버스(합성),5505,3,0,0.0,5525.0,13.1551,0,0,85,2026-08-25 23:41:38
462340,4,에셋플러스 글로벌다이나믹시니어액티브,17015,3,0,0.0,17053.0,4.0672,0,0,85,2026-08-25 23:41:38
0219B0,2,KoAct 광통신&위성네트워크액티브,10625,3,0,0.0,10654.0,,0,0,85,2026-08-25 23:41:38
429980,7,SOL 한국형글로벌전기차&2차전지액티브,16805,3,0,0.0,16903.0,-20.4309,0,0,84,2026-08-25 23:41:38
270800,2,RISE KQ고배당,15260,3,0,0.0,15368.0,-19.9833,0,0,84,2026-08-25 23:41:38
395280,2,HANARO Fn K-게임,3550,3,0,0.0,3568.0,-12.9902,0,0,83,2026-08-25 23:41:38
277650,2,TIGER 코스피중형주,20830,3,0,0.0,20946.0,-17.1111,0,0,83,2026-08-25 23:41:38
225050,4,TIGER 유로스탁스레버리지(합성 H),16625,3,0,0.0,16777.0,15.0519,0,0,83,2026-08-25 23:41:38
182490,6,TIGER 단기선진하이일드(합성 H),13825,3,0,0.0,13870.0,0.2901,0,0,83,2026-08-25 23:41:38
0219Z0,4,HANARO 미국S&P500액티브,10360,3,0,0.0,10352.0,,0,0,83,2026-08-25 23:41:38
457930,2,BNK 미래전략기술액티브,27500,3,0,0.0,27510.0,-20.5891,0,0,83,2026-08-25 23:41:38
0172Y0,2,ACE K수출핵심TOP10산업액티브,9580,3,0,0.0,9564.0,-17.0563,0,0,81,2026-08-25 23:41:38
0184N0,7,PLUS 은채권혼합,9045,3,0,0.0,9072.0,-7.9858,0,0,81,2026-08-25 23:41:38
395750,2,PLUS ESG가치주액티브,20170,3,0,0.0,20264.0,-14.7146,0,0,81,2026-08-25 23:41:38
253280,2,RISE 헬스케어,13420,3,0,0.0,13460.0,-13.2795,0,0,81,2026-08-25 23:41:38
261110,7,TIGER 미국달러선물레버리지,16045,3,0,0.0,16083.0,-16.0388,0,0,80,2026-08-25 23:41:38
487920,4,ACE 인도시장대표BIG5그룹액티브,8015,3,0,0.0,8014.0,-7.2875,0,0,80,2026-08-25 23:41:38
0218K0,2,BNK 스마트카,10685,3,0,0.0,10745.0,,0,0,80,2026-08-25 23:41:38
480460,7,WON 한국부동산TOP3플러스,9345,3,0,0.0,9411.0,-3.5912,0,0,79,2026-08-25 23:41:38
227550,2,TIGER 200 산업재,12010,3,0,0.0,12089.0,-21.6314,0,0,79,2026-08-25 23:41:38
0226D0,7,FOCUS 금융반도체지주채권혼합50액티브,9895,3,0,0.0,9963.0,,0,0,79,2026-08-25 23:41:38
0215T0,4,HANARO 미국AI광통신TOP10,8670,3,0,0.0,8453.0,,0,0,78,2026-08-25 23:41:38
189400,4,PLUS 글로벌MSCI(합성 H),25975,3,0,0.0,25922.0,3.1163,0,0,78,2026-08-25 23:41:38
435530,7,KIWOOM TDF2030액티브 적격,15415,3,0,0.0,15392.0,-6.3761,0,0,77,2026-08-25 23:41:38
225800,7,KIWOOM 미국달러선물레버리지,15105,3,0,0.0,15144.0,-16.3622,0,0,77,2026-08-25 23:41:38
494210,4,SOL 미국500타겟데일리커버드콜액티브,10885,3,0,0.0,10882.0,-6.3483,0,0,76,2026-08-25 23:41:38
0082F0,4,HANARO 유럽방산,10875,3,0,0.0,10882.0,3.4236,0,0,76,2026-08-25 23:41:38
437370,4,RISE 글로벌농업경제,10830,3,0,0.0,10747.0,-3.039,0,0,76,2026-08-25 23:41:38
0094X0,4,1Q 샤오미밸류체인액티브,8335,3,0,0.0,8335.0,-17.3228,0,0,75,2026-08-25 23:41:38
285690,2,FOCUS ESG리더스,21430,3,0,0.0,21522.0,-12.4234,0,0,75,2026-08-25 23:41:38
438740,2,MIDAS 중소형액티브,33295,3,0,0.0,33560.0,-18.2544,0,0,75,2026-08-25 23:41:38
256450,4,PLUS 심천차이넥스트(합성),14865,3,0,0.0,15004.0,-20.8467,0,0,74,2026-08-25 23:41:38
326230,2,RISE 내수주플러스,11605,3,0,0.0,11591.0,-7.3823,0,0,74,2026-08-25 23:41:38
304670,6,KODEX 미국30년국채울트라선물인버스(H),12350,3,0,0.0,12346.0,1.6042,0,0,74,2026-08-25 23:41:38
402460,2,HANARO Fn K-메타버스MZ,14720,3,0,0.0,14806.0,-2.8862,0,0,74,2026-08-25 23:41:38
139290,2,TIGER 200 경기소비재,26190,3,0,0.0,26282.0,-20.4677,0,0,73,2026-08-25 23:41:38
139660,7,KIWOOM 미국달러선물인버스,8375,3,0,0.0,8367.0,9.295,0,0,73,2026-08-25 23:41:38
0005C0,6,RISE 미국S&P500엔화노출(합성 H),11200,3,0,0.0,11213.0,-6.822,0,0,73,2026-08-25 23:41:38
450180,7,KODEX 한중전기차(합성),11180,3,0,0.0,11265.0,-26.4958,0,0,73,2026-08-25 23:41:38
368680,2,KODEX K-뉴딜디지털플러스,8005,3,0,0.0,8059.0,-12.5942,0,0,72,2026-08-25 23:41:38
390400,4,KODEX 미국스마트모빌리티S&P,7200,3,0,0.0,7198.0,-15.4291,0,0,72,2026-08-25 23:41:38
400590,4,SOL 글로벌탄소배출권선물ICE(합성),14345,3,0,0.0,14425.0,2.5375,0,0,72,2026-08-25 23:41:38
488480,4,RISE 일본섹터TOP4Plus,12935,3,0,0.0,13087.0,-9.068,0,0,71,2026-08-25 23:41:38
0166T0,4,PLUS 글로벌저작권핵심기업액티브,9965,3,0,0.0,9963.0,-4.7324,0,0,70,2026-08-25 23:41:38
244670,2,KODEX 밸류Plus,11575,3,0,0.0,11642.0,-6.7555,0,0,69,2026-08-25 23:41:38
0036Z0,4,RISE 미국천연가스밸류체인,12600,3,0,0.0,12556.0,-9.4144,0,0,69,2026-08-25 23:41:38
0176P0,2,FOCUS AI반도체위클리고정커버드콜,12475,3,0,0.0,12557.0,-14.3276,0,0,69,2026-08-25 23:41:38
0138D0,2,RISE 동학개미,12275,3,0,0.0,12248.0,-31.1554,0,0,68,2026-08-25 23:41:38
429740,7,PLUS K리츠,6100,3,0,0.0,6152.0,-5.3641,0,0,67,2026-08-25 23:41:38
316300,7,ACE 싱가포르리츠,13315,3,0,0.0,13284.0,-6.0971,0,0,67,2026-08-25 23:41:38
0047N0,4,PLUS 차이나AI테크TOP10,10140,3,0,0.0,10140.0,-12.1698,0,0,66,2026-08-25 23:41:38
456200,6,PLUS 미국달러SOFR금리액티브(합성),59905,3,0,0.0,60048.0,-7.7747,0,0,66,2026-08-25 23:41:38
315270,2,TIGER 200커뮤니케이션서비스,20115,3,0,0.0,20234.0,-7.0776,0,0,64,2026-08-25 23:41:38
0184V0,2,UNICORN K바이오액티브,6100,3,0,0.0,6075.0,-33.6236,0,0,64,2026-08-25 23:41:38
307510,2,TIGER 의료기기,12740,3,0,0.0,12761.0,-22.7469,0,0,64,2026-08-25 23:41:38
250780,3,TIGER 코스닥150선물인버스,2400,3,0,0.0,2393.0,20.1802,0,0,64,2026-08-25 23:41:38
0102X0,4,ACE 유럽방산TOP10,9570,3,0,0.0,9667.0,-2.6318,0,0,62,2026-08-25 23:41:38
291890,4,KODEX MSCI EM선물(H),12225,3,0,0.0,12285.0,-0.4074,0,0,61,2026-08-25 23:41:38
0087F0,4,ACE 차이나AI빅테크TOP2+액티브,12205,3,0,0.0,12227.0,-10.1583,0,0,61,2026-08-25 23:41:38
138920,5,KODEX 콩선물(H),12110,3,0,0.0,12147.0,0.4979,0,0,61,2026-08-25 23:41:38
289670,6,PLUS 국채선물10년,52055,3,0,0.0,52087.0,-0.2014,0,0,60,2026-08-25 23:41:38
469530,3,RISE 미국달러선물인버스,9380,3,0,0.0,9367.0,9.836,0,0,60,2026-08-25 23:41:38
451670,6,RISE 국채30년레버리지(합성),11930,3,0,0.0,11899.0,-15.9268,0,0,60,2026-08-25 23:41:38
0114X0,4,RISE 글로벌게임테크TOP3Plus,8505,3,0,0.0,8505.0,-1.4485,0,0,60,2026-08-25 23:41:38
400580,4,SOL 유럽탄소배출권선물S&P(H),11870,3,0,0.0,11870.0,12.1928,0,0,59,2026-08-25 23:41:38
314700,2,HANARO 농업융복합산업,10665,3,0,0.0,10725.0,-19.6898,0,0,59,2026-08-25 23:41:38
433250,1,UNICORN R&D 액티브,23305,3,0,0.0,23457.0,-16.9755,0,0,58,2026-08-25 23:41:38
0053M0,2,더제이 중소형포커스액티브,12945,3,0,0.0,13030.0,-17.8617,0,0,58,2026-08-25 23:41:38
401590,4,HANARO 글로벌탄소배출권선물ICE(합성),11400,3,0,0.0,11486.0,-0.567,0,0,58,2026-08-25 23:41:38
0191B0,1,MIDAS 코스닥액티브,28995,3,0,0.0,29232.0,-28.6716,0,0,58,2026-08-25 23:41:38
219900,4,ACE 중국본토CSI300레버리지(합성),4120,3,0,0.0,4178.0,-26.3629,0,0,58,2026-08-25 23:41:38
407300,2,HANARO Fn골프테마,10455,3,0,0.0,10527.0,-22.8477,0,0,58,2026-08-25 23:41:38
483020,2,KIWOOM 의료AI,9475,3,0,0.0,9540.0,-20.9759,0,0,57,2026-08-25 23:41:38
476310,4,RISE 글로벌비만산업TOP2+,10320,3,0,0.0,10506.0,1.7509,0,0,57,2026-08-25 23:41:38
267450,6,RISE 미국장기국채선물인버스(H),11170,3,0,0.0,11097.0,1.0859,0,0,56,2026-08-25 23:41:38
470310,2,UNICORN 생성형AI강소기업액티브,18550,3,0,0.0,18508.0,1.477,0,0,56,2026-08-25 23:41:38
413220,4,SOL 차이나태양광CSI(합성),4625,3,0,0.0,4637.0,-30.867,0,0,56,2026-08-25 23:41:38
488200,2,KIWOOM K-2차전지북미공급망,12315,3,0,0.0,12389.0,-27.5913,0,0,55,2026-08-25 23:41:38
432600,6,RISE 국채선물3년,55360,3,0,0.0,55362.0,1.1049,0,0,55,2026-08-25 23:41:38
483030,4,KIWOOM 미국블록버스터바이오테크의약품+,12230,3,0,0.0,12335.0,5.4086,0,0,55,2026-08-25 23:41:38
499150,4,SOL 미국S&P500엔화노출(H),10820,3,0,0.0,10826.0,-6.9158,0,0,54,2026-08-25 23:41:38
220130,4,SOL 차이나강소기업CSI500(합성 H),6750,3,0,0.0,6780.0,-8.1633,0,0,54,2026-08-25 23:41:38
474390,6,SOL 국고채30년액티브,40080,3,0,0.0,40067.0,-7.3831,0,0,54,2026-08-25 23:41:38
0132D0,7,KoAct 글로벌K컬처밸류체인액티브,9760,3,0,0.0,9840.0,1.1398,0,0,54,2026-08-25 23:41:38
490330,4,KoAct 미국치매&뇌질환치료제액티브,15300,3,0,0.0,15323.0,12.3348,0,0,54,2026-08-25 23:41:38
321410,7,KODEX 멀티에셋하이인컴(H),10700,3,0,0.0,10694.0,1.0428,0,0,54,2026-08-25 23:41:38
291630,3,KIWOOM 코스닥150선물레버리지,3630,3,0,0.0,3668.0,-55.2405,0,0,53,2026-08-25 23:41:38
0174J0,7,DAISHIN 오피스리츠플러스,8755,3,0,0.0,8815.0,-4.3505,0,0,53,2026-08-25 23:41:38
0015E0,7,KIWOOM 엔비디아미국30년국채혼합액티브(H),10435,3,0,0.0,10454.0,-1.9248,0,0,52,2026-08-25 23:41:38
411860,4,KIWOOM 독일DAX,17300,3,0,0.0,17264.0,-3.6839,0,0,52,2026-08-25 23:41:38
295000,6,RISE 국채선물10년,51390,3,0,0.0,51414.0,-0.204,0,0,51,2026-08-25 23:41:38
0073X0,5,FOCUS 알리바바미국채커버드콜혼합,9185,3,0,0.0,9161.0,-10.6495,0,0,51,2026-08-25 23:41:38
498610,4,RISE 인도디지털성장,8335,3,0,0.0,8343.0,-0.4913,0,0,50,2026-08-25 23:41:38
0154H0,4,KoAct 차이나바이오헬스케어액티브,9045,3,0,0.0,9124.0,2.6091,0,0,50,2026-08-25 23:41:38
0015K0,4,TIGER 미국소비트렌드액티브,7305,3,0,0.0,7255.0,-5.1915,0,0,50,2026-08-25 23:41:38
0128D0,4,PLUS 차이나항셍테크위클리타겟커버드콜,6990,3,0,0.0,6995.0,-12.9656,0,0,49,2026-08-25 23:41:38
0078V0,4,PLUS 미국로보택시,9760,3,0,0.0,9664.0,-15.2778,0,0,49,2026-08-25 23:41:38
227560,2,TIGER 200 생활소비재,13440,3,0,0.0,13421.0,1.0725,0,0,48,2026-08-25 23:41:38
267440,6,RISE 미국장기국채선물(H),8000,3,0,0.0,8103.0,-2.0808,0,0,48,2026-08-25 23:41:38
0131A0,4,SOL 차이나소비트렌드,7965,3,0,0.0,8052.0,-14.3549,0,0,48,2026-08-25 23:41:38
244660,2,KODEX 퀄리티Plus,9420,3,0,0.0,9491.0,-6.3971,0,0,47,2026-08-25 23:41:38
391600,4,ACE 미국친환경그린테마,10440,3,0,0.0,10396.0,-21.4743,0,0,47,2026-08-25 23:41:38
266550,2,PLUS 중형주저변동50,18670,3,0,0.0,18771.0,-6.6967,0,0,47,2026-08-25 23:41:38
373790,4,KIWOOM 미국방어배당성장나스닥,16130,3,0,0.0,16051.0,-1.9796,0,0,45,2026-08-25 23:41:38
488210,2,KIWOOM K-반도체북미공급망,22400,3,0,0.0,22319.0,-18.5144,0,0,45,2026-08-25 23:41:38
252420,3,RISE 200선물인버스2X,84,3,0,0.0,83.0,-20.7548,0,0,45,2026-08-25 23:41:38
205720,4,ACE 일본TOPIX인버스(합성 H),1458,3,0,0.0,1458.0,-6.238,0,0,44,2026-08-25 23:41:38
243890,2,TIGER 200에너지화학레버리지,8290,3,0,0.0,8327.0,-35.4864,0,0,44,2026-08-25 23:41:38
226380,2,ACE Fn성장소비주도주,5960,3,0,0.0,6009.0,-5.6216,0,0,42,2026-08-25 23:41:38
238670,7,PLUS 스마트베타Quality채권혼합,13640,3,0,0.0,13536.0,2.4793,0,0,41,2026-08-25 23:41:38
0050E0,4,PLUS 미국AI에이전트,8090,3,0,0.0,8097.0,-5.3802,0,0,40,2026-08-25 23:41:38
334690,5,RISE 팔라듐선물(H),6120,3,0,0.0,6083.0,-5.1898,0,0,40,2026-08-25 23:41:38
291680,4,RISE 차이나H선물인버스(H),7800,3,0,0.0,7790.0,-0.4468,0,0,39,2026-08-25 23:41:38
225030,4,TIGER 미국S&P500선물인버스(H),2260,3,0,0.0,2254.0,-1.7392,0,0,37,2026-08-25 23:41:38
427120,2,RISE AI플랫폼,5275,3,0,0.0,5314.0,-14.9194,0,0,36,2026-08-25 23:41:38
0079X0,4,ACE BYD밸류체인액티브,10205,3,0,0.0,10222.0,-17.8011,0,0,36,2026-08-25 23:41:38
267490,6,RISE 미국장기국채선물레버리지(합성 H),5000,3,0,0.0,5055.0,-2.5342,0,0,35,2026-08-25 23:41:38
306530,3,HANARO 코스닥150선물레버리지,7255,3,0,0.0,7306.0,-55.6134,0,0,32,2026-08-25 23:41:38
454180,4,KIWOOM 차이나내수소비TOP CSI,7645,3,0,0.0,7749.0,-10.6306,0,0,31,2026-08-25 23:41:38
489010,4,PLUS 글로벌AI인프라,19925,3,0,0.0,19861.0,-11.68,0,0,30,2026-08-25 23:41:38
145670,3,ACE 인버스,1312,3,0,0.0,1315.0,-2.381,0,0,29,2026-08-25 23:41:38
476000,2,UNICORN 포스트IPO액티브,5135,3,0,0.0,5173.0,-46.1176,0,0,28,2026-08-25 23:41:38
252410,3,RISE 200선물인버스,1342,3,0,0.0,1338.0,-1.251,0,0,27,2026-08-25 23:41:38
491630,4,RISE 미국반도체인버스(합성 H),5635,3,0,0.0,5559.0,-7.5472,0,0,27,2026-08-25 23:41:38
280940,5,KODEX 골드선물인버스(H),3245,3,0,0.0,3245.0,-2.2591,0,0,26,2026-08-25 23:41:38
291620,3,KIWOOM 코스닥150선물인버스,4255,3,0,0.0,4238.0,20.1977,0,0,24,2026-08-25 23:41:38
253230,3,KIWOOM 200선물인버스2X,79,3,0,0.0,79.0,-23.301,0,0,24,2026-08-25 23:41:38
275750,3,RISE 코스닥150선물인버스,2430,3,0,0.0,2423.0,20.297,0,0,23,2026-08-25 23:41:38
280320,4,ACE 미국IT인터넷(합성 H),21315,3,0,0.0,21518.0,4.3574,0,0,21,2026-08-25 23:41:38
334700,5,RISE 팔라듐선물인버스(H),3265,3,0,0.0,3290.0,-0.3054,0,0,21,2026-08-25 23:41:38
253240,3,KIWOOM 200선물인버스,1338,3,0,0.0,1339.0,-1.9781,0,0,16,2026-08-25 23:41:38
306520,3,HANARO 200선물인버스,2440,3,0,0.0,2437.0,-2.2045,0,0,15,2026-08-25 23:41:38
253160,3,PLUS 200선물인버스2X,161,3,0,0.0,161.0,-25.1163,0,0,13,2026-08-25 23:41:38
412560,2,TIGER BBIG레버리지,1812,3,0,0.0,1823.0,-29.2188,0,0,13,2026-08-25 23:41:38
261920,4,ACE MSCI필리핀(합성),12610,3,0,0.0,12678.0,-5.4014,0,0,13,2026-08-25 23:41:38
465620,4,ACE 미국빅테크TOP7 Plus인버스(합성),6560,3,0,0.0,6565.0,7.1895,0,0,7,2026-08-25 23:41:38
